證券代碼,年月日,開盤價(元),最高價(元),最低價(元),收盤價(元),成交量(千股),成交值(千元),報酬率％,流通在外股數(千股),市值(百萬元),股價淨值比-TEJ,股價營收比-TEJ,市場別
0050 元大台灣50,2014-01-02,10.1114,10.12,10.0511,10.0855,10762,629994,-0.2555,1391500,81472,,,TSE
0050 元大台灣50,2014-01-03,10.0683,10.0683,9.9391,9.965,14509,840196,-1.1956,1389000,80354,,,TSE
0050 元大台灣50,2014-01-06,9.9477,9.9822,9.9133,9.9391,14870,857370,-0.2593,1389000,80145,,,TSE
0050 元大台灣50,2014-01-07,9.9477,9.9736,9.9391,9.9391,13128,758131,0.0,1389000,80145,,,TSE
0050 元大台灣50,2014-01-08,9.9391,9.9822,9.9391,9.9563,7605,439845,0.1733,1389500,80313,,,TSE
0050 元大台灣50,2014-01-09,9.9305,9.9563,9.8874,9.9133,8571,493178,-0.4325,1389500,79966,,,TSE
0050 元大台灣50,2014-01-10,9.9047,9.9305,9.9047,9.9133,4741,272992,0.0,1389500,79966,,,TSE
0050 元大台灣50,2014-01-13,9.9908,10.0252,9.9563,9.9736,6179,358200,0.6082,1389000,80423,,,TSE
0050 元大台灣50,2014-01-14,9.9391,9.965,9.9219,9.9563,4276,246832,-0.1727,1390000,80342,,,TSE
0050 元大台灣50,2014-01-15,9.9822,10.0683,9.9822,10.0597,11675,680334,1.0381,1369000,79950,,,TSE
0050 元大台灣50,2014-01-16,10.0769,10.12,10.0769,10.0855,12771,749062,0.2568,1354000,79277,,,TSE
0050 元大台灣50,2014-01-17,10.0941,10.1114,10.0425,10.1028,8169,478201,0.1708,1351500,79265,,,TSE
0050 元大台灣50,2014-01-20,10.0597,10.1286,10.0597,10.1286,5627,330310,0.2558,1351500,79468,,,TSE
0050 元大台灣50,2014-01-21,10.12,10.1372,10.0769,10.0855,6963,408195,-0.4252,1351500,79130,,,TSE
0050 元大台灣50,2014-01-22,10.0683,10.1028,10.0511,10.1028,6838,400293,0.1708,1351500,79265,,,TSE
0050 元大台灣50,2014-01-23,10.0941,10.12,10.0511,10.0769,6904,404192,-0.2558,1349500,78946,,,TSE
0050 元大台灣50,2014-01-24,10.0425,10.1286,10.0425,10.1028,10706,627470,0.2564,1349500,79148,,,TSE
0050 元大台灣50,2014-01-27,10.008,10.0252,9.896,9.9219,21325,1228049,-1.7903,1337000,77011,,,TSE
0050 元大台灣50,2014-02-05,9.7152,9.7152,9.5774,9.6118,57559,3221379,-3.125,1352500,75470,,,TSE
0050 元大台灣50,2014-02-06,9.6377,9.6807,9.6118,9.6463,12853,719872,0.3584,1354000,75824,,,TSE
0050 元大台灣50,2014-02-07,9.7152,9.7669,9.698,9.7496,16027,906121,1.0714,1352500,76552,,,TSE
0050 元大台灣50,2014-02-10,9.8013,9.8013,9.7496,9.7496,6020,341784,0.0,1352500,76552,,,TSE
0050 元大台灣50,2014-02-11,9.7496,9.8099,9.7496,9.8099,5582,317077,0.6184,1352500,77025,,,TSE
0050 元大台灣50,2014-02-12,9.8444,9.9133,9.8444,9.9133,18604,1067688,1.0536,1352500,77836,,,TSE
0050 元大台灣50,2014-02-13,9.896,9.9133,9.8788,9.8874,8235,472958,-0.2606,1352500,77634,,,TSE
0050 元大台灣50,2014-02-14,9.9391,10.0252,9.9391,9.9822,22328,1295999,0.9582,1352500,78377,,,TSE
0050 元大台灣50,2014-02-17,10.008,10.0339,9.9822,9.9822,15434,896780,0.0,1347500,78088,,,TSE
0050 元大台灣50,2014-02-18,9.9822,10.0166,9.9563,10.0166,13088,759134,0.3451,1347500,78357,,,TSE
0050 元大台灣50,2014-02-19,10.008,10.0252,9.9994,10.0166,13366,776753,0.0,1347500,78357,,,TSE
0050 元大台灣50,2014-02-20,9.9994,9.9994,9.9219,9.9305,13737,793857,-0.8598,1346500,77626,,,TSE
0050 元大台灣50,2014-02-21,10.0597,10.0683,10.0252,10.0252,17317,1009724,0.954,1339000,77930,,,TSE
0050 元大台灣50,2014-02-24,10.0597,10.0683,9.9563,9.9736,7368,427851,-0.5155,1339000,77528,,,TSE
0050 元大台灣50,2014-02-25,10.0339,10.0339,9.9822,10.0166,8621,500963,0.4318,1339000,77863,,,TSE
0050 元大台灣50,2014-02-26,9.9908,10.0769,9.9822,10.0597,8953,522326,0.4299,1339000,78198,,,TSE
0050 元大台灣50,2014-02-27,10.0425,10.0683,10.0425,10.0425,3676,214534,-0.1712,1339000,78064,,,TSE
0050 元大台灣50,2014-03-03,9.9563,10.0166,9.9047,9.9822,8020,463398,-0.6003,1319000,76436,,,TSE
0050 元大台灣50,2014-03-04,9.9736,9.9908,9.9391,9.9391,6185,357739,-0.4314,1308500,75500,,,TSE
0050 元大台灣50,2014-03-05,10.0252,10.0683,10.0252,10.0425,6901,402695,1.0399,1308500,76286,,,TSE
0050 元大台灣50,2014-03-06,10.0511,10.1975,10.0511,10.1889,26226,1543672,1.458,1308500,77398,,,TSE
0050 元大台灣50,2014-03-07,10.2147,10.3008,10.2147,10.2319,30394,1808621,0.4227,1292500,76775,,,TSE
0050 元大台灣50,2014-03-10,10.2147,10.2319,10.1544,10.1717,7930,468535,-0.5892,1292500,76322,,,TSE
0050 元大台灣50,2014-03-11,10.2061,10.2406,10.1889,10.2233,4967,294581,0.508,1292500,76710,,,TSE
0050 元大台灣50,2014-03-12,10.1372,10.163,10.12,10.1286,2671,157215,-0.9267,1292500,75999,,,TSE
0050 元大台灣50,2014-03-13,10.2061,10.3008,10.2061,10.2922,25692,1533321,1.6156,1287000,76898,,,TSE
0050 元大台灣50,2014-03-14,10.1889,10.2147,10.1803,10.1889,13449,796078,-1.0042,1282000,75830,,,TSE
0050 元大台灣50,2014-03-17,10.1889,10.1975,10.1458,10.1717,8983,529913,-0.1691,1275000,75289,,,TSE
0050 元大台灣50,2014-03-18,10.2319,10.2492,10.1975,10.2319,14863,882016,0.5927,1279000,75973,,,TSE
0050 元大台灣50,2014-03-19,10.2319,10.2406,10.1544,10.2061,9855,583117,-0.2525,1269000,75188,,,TSE
0050 元大台灣50,2014-03-20,10.1114,10.1114,10.0425,10.0769,18482,1079233,-1.2658,1267500,74149,,,TSE
0050 元大台灣50,2014-03-21,10.1028,10.1028,10.0597,10.0769,4142,242514,0.0,1241500,72628,,,TSE
0050 元大台灣50,2014-03-24,10.0683,10.1028,10.0339,10.1028,11346,663112,0.2564,1237500,72579,,,TSE
0050 元大台灣50,2014-03-25,10.0769,10.1889,10.0769,10.1889,4915,289304,0.8525,1237500,73198,,,TSE
0050 元大台灣50,2014-03-26,10.2406,10.2836,10.2233,10.2836,9980,594390,0.9298,1237500,73879,,,TSE
0050 元大台灣50,2014-03-27,10.2492,10.3095,10.2406,10.3008,11258,671284,0.1675,1237500,74003,,,TSE
0050 元大台灣50,2014-03-28,10.3095,10.3525,10.3008,10.3181,20164,1208961,0.1672,1237500,74126,,,TSE
0050 元大台灣50,2014-03-31,10.3439,10.3611,10.3181,10.3525,17186,1032021,0.3339,1221500,73412,,,TSE
0050 元大台灣50,2014-04-01,10.3784,10.4387,10.3698,10.4387,28836,1742191,0.8319,1220000,73932,,,TSE
0050 元大台灣50,2014-04-02,10.4731,10.5334,10.4731,10.4731,19104,1164181,0.33,1188000,72230,,,TSE
0050 元大台灣50,2014-04-03,10.4731,10.4989,10.4473,10.4473,12620,766517,-0.2467,1151500,69838,,,TSE
0050 元大台灣50,2014-04-07,10.4042,10.4214,10.387,10.4214,11380,687722,-0.2473,1151500,69666,,,TSE
0050 元大台灣50,2014-04-08,10.4128,10.4903,10.4128,10.4731,14011,850681,0.4959,1151500,70011,,,TSE
0050 元大台灣50,2014-04-09,10.4731,10.5248,10.4731,10.5076,12067,736215,0.3289,1140000,69540,,,TSE
0050 元大台灣50,2014-04-10,10.5506,10.5592,10.4903,10.542,13486,823824,0.3279,1140000,69768,,,TSE
0050 元大台灣50,2014-04-11,10.4731,10.5334,10.4731,10.5334,15019,916078,-0.0817,1139500,69680,,,TSE
0050 元大台灣50,2014-04-14,10.5248,10.542,10.4903,10.5162,13397,818202,-0.1635,1139500,69566,,,TSE
0050 元大台灣50,2014-04-15,10.542,10.5851,10.542,10.5678,13893,852294,0.4914,1139000,69878,,,TSE
0050 元大台灣50,2014-04-16,10.5678,10.5937,10.5248,10.5592,7049,432479,-0.0815,1124500,68932,,,TSE
0050 元大台灣50,2014-04-17,10.5592,10.5765,10.5248,10.5334,3531,216347,-0.2447,1122000,68610,,,TSE
0050 元大台灣50,2014-04-18,10.6367,10.6626,10.5937,10.6023,7072,436080,0.6541,1122000,69059,,,TSE
0050 元大台灣50,2014-04-21,10.5851,10.6195,10.5851,10.6023,3405,209616,0.0,1122000,69059,,,TSE
0050 元大台灣50,2014-04-22,10.6023,10.6712,10.6023,10.6367,9137,564338,0.3249,1102000,68049,,,TSE
0050 元大台灣50,2014-04-23,10.654,10.6884,10.5937,10.6195,5487,339123,-0.1619,1100000,67815,,,TSE
0050 元大台灣50,2014-04-24,10.6281,10.6454,10.6109,10.6367,4518,278868,0.1622,1099000,67863,,,TSE
0050 元大台灣50,2014-04-25,10.6195,10.6454,10.4387,10.4559,22903,1397360,-1.7004,1065500,64676,,,TSE
0050 元大台灣50,2014-04-28,10.387,10.5937,10.387,10.5506,8482,516757,0.9061,1065500,65262,,,TSE
0050 元大台灣50,2014-04-29,10.5506,10.5937,10.5248,10.5678,6518,399867,0.1633,1043000,63988,,,TSE
0050 元大台灣50,2014-04-30,10.5765,10.5851,10.4731,10.5076,5598,341881,-0.5705,1040000,63440,,,TSE
0050 元大台灣50,2014-05-02,10.5334,10.6195,10.5334,10.5592,7646,469116,0.4918,1040000,63752,,,TSE
0050 元大台灣50,2014-05-05,10.6023,10.6109,10.5076,10.542,6845,419278,-0.1631,1033500,63250,,,TSE
0050 元大台灣50,2014-05-06,10.5937,10.6367,10.5248,10.6023,10313,632333,0.5719,1024500,63058,,,TSE
0050 元大台灣50,2014-05-07,10.5937,10.6109,10.542,10.5765,7877,483709,-0.2437,1016500,62413,,,TSE
0050 元大台灣50,2014-05-08,10.6109,10.654,10.5765,10.654,3831,236336,0.7329,1007500,62314,,,TSE
0050 元大台灣50,2014-05-09,10.6281,10.654,10.5851,10.5851,3932,242254,-0.6467,1004000,61696,,,TSE
0050 元大台灣50,2014-05-12,10.5937,10.5937,10.5248,10.5334,3933,240843,-0.4882,1004000,61395,,,TSE
0050 元大台灣50,2014-05-13,10.6109,10.6367,10.5678,10.5851,5610,345231,0.4906,993000,61020,,,TSE
0050 元大台灣50,2014-05-14,10.6109,10.6454,10.5851,10.6454,10739,662001,0.5696,993000,61367,,,TSE
0050 元大台灣50,2014-05-15,10.6367,10.654,10.6023,10.6367,8903,549372,-0.0809,993000,61318,,,TSE
0050 元大台灣50,2014-05-16,10.6195,10.654,10.5765,10.654,9138,563132,0.1619,992000,61355,,,TSE
0050 元大台灣50,2014-05-19,10.654,10.6798,10.6454,10.654,7165,443514,0.0,992000,61355,,,TSE
0050 元大台灣50,2014-05-20,10.6626,10.7315,10.6626,10.697,9946,617828,0.4042,990500,61510,,,TSE
0050 元大台灣50,2014-05-21,10.6798,10.7143,10.6367,10.6454,6524,404622,-0.4831,990500,61213,,,TSE
0050 元大台灣50,2014-05-22,10.6798,10.7918,10.6712,10.7918,14665,914426,1.3754,990500,62055,,,TSE
0050 元大台灣50,2014-05-23,10.8262,10.8348,10.7918,10.809,13448,843990,0.1596,990500,62154,,,TSE
0050 元大台灣50,2014-05-26,10.8262,10.8693,10.8262,10.8607,8643,544729,0.4781,987500,62262,,,TSE
0050 元大台灣50,2014-05-27,10.8607,10.8865,10.8435,10.8693,8034,506976,0.0793,987500,62311,,,TSE
0050 元大台灣50,2014-05-28,10.8779,10.9899,10.8779,10.9726,11647,739627,0.9509,987500,62904,,,TSE
0050 元大台灣50,2014-05-29,10.9726,10.9726,10.921,10.921,9544,606469,-0.471,987500,62608,,,TSE
0050 元大台灣50,2014-05-30,10.921,10.9296,10.8693,10.8693,6715,424930,-0.4732,983000,62027,,,TSE
0050 元大台灣50,2014-06-03,10.8779,10.9296,10.8176,10.8779,5110,322847,0.0792,981500,61982,,,TSE
0050 元大台灣50,2014-06-04,10.921,10.9468,10.9037,10.921,3390,215048,0.3959,980500,62164,,,TSE
0050 元大台灣50,2014-06-05,10.9037,10.921,10.8693,10.921,1703,107765,0.0,977000,61942,,,TSE
0050 元大台灣50,2014-06-06,10.964,10.9813,10.921,10.9468,3489,221858,0.2366,977000,62088,,,TSE
0050 元大台灣50,2014-06-09,10.9554,10.9985,10.9554,10.9899,3894,248324,0.3934,977000,62333,,,TSE
0050 元大台灣50,2014-06-10,10.9985,11.076,10.9985,11.0588,6843,438788,0.627,977000,62723,,,TSE
0050 元大台灣50,2014-06-11,11.0588,11.0674,11.0329,11.0502,5038,323020,-0.0779,935500,60012,,,TSE
0050 元大台灣50,2014-06-12,11.0243,11.0415,11.0071,11.0243,4508,288458,-0.2338,935500,59872,,,TSE
0050 元大台灣50,2014-06-13,11.0071,11.0071,10.9726,10.9985,3322,212037,-0.2344,935500,59732,,,TSE
0050 元大台灣50,2014-06-16,10.9985,11.0243,10.9554,11.0071,2605,166269,0.0783,969000,61919,,,TSE
0050 元大台灣50,2014-06-17,11.0071,11.1018,10.9985,11.0846,3853,247310,0.7042,1034000,66538,,,TSE
0050 元大台灣50,2014-06-18,11.0932,11.1621,11.076,11.1104,9534,614913,0.2331,1084000,69918,,,TSE
0050 元大台灣50,2014-06-19,11.1363,11.2052,11.1191,11.188,9933,644039,0.6977,1134000,73653,,,TSE
0050 元大台灣50,2014-06-20,11.188,11.2138,11.1449,11.1535,3557,231006,-0.3079,1134000,73427,,,TSE
0050 元大台灣50,2014-06-23,11.1621,11.1966,11.1277,11.1449,13750,891376,-0.0772,1309000,84692,,,TSE
0050 元大台灣50,2014-06-24,11.1707,11.2052,11.1449,11.1621,7963,516387,0.1546,1309000,84823,,,TSE
0050 元大台灣50,2014-06-25,11.1363,11.1621,11.1277,11.1363,7516,486230,-0.2315,1309000,84627,,,TSE
0050 元大台灣50,2014-06-26,11.1535,11.2655,11.1535,11.2569,9208,600328,1.0828,1349000,88157,,,TSE
0050 元大台灣50,2014-06-27,11.2569,11.2569,11.1104,11.2569,9225,598652,0.0,1349000,88157,,,TSE
0050 元大台灣50,2014-06-30,11.2483,11.3688,11.231,11.3602,7584,498698,0.9181,1351500,89131,,,TSE
0050 元大台灣50,2014-07-01,11.3602,11.498,11.343,11.4636,9614,638500,0.9098,1351500,89942,,,TSE
0050 元大台灣50,2014-07-02,11.5066,11.6358,11.4808,11.5583,11640,780941,0.8264,1643500,110279,,,TSE
0050 元大台灣50,2014-07-03,11.5583,11.6789,11.5239,11.6617,8115,547949,0.8942,1641000,111096,,,TSE
0050 元大台灣50,2014-07-04,11.6789,11.6961,11.6014,11.6617,7081,479383,0.0,1641000,111096,,,TSE
0050 元大台灣50,2014-07-07,11.6272,11.6617,11.5928,11.6444,5515,372244,-0.1477,1639500,110830,,,TSE
0050 元大台灣50,2014-07-08,11.6789,11.6961,11.6444,11.6703,5506,373080,0.2219,1638000,110975,,,TSE
0050 元大台灣50,2014-07-09,11.6531,11.6875,11.6272,11.6875,3129,211948,0.1476,1638000,111138,,,TSE
0050 元大台灣50,2014-07-10,11.6789,11.7909,11.6789,11.7736,5627,384019,0.7369,1639000,112026,,,TSE
0050 元大台灣50,2014-07-11,11.7736,11.8339,11.7392,11.765,7800,533512,-0.0732,1639000,111944,,,TSE
0050 元大台灣50,2014-07-14,11.7564,11.8511,11.7564,11.8339,3077,210968,0.5857,1639000,112599,,,TSE
0050 元大台灣50,2014-07-15,11.877,11.8942,11.8425,11.877,3956,272690,0.3639,1639000,113009,,,TSE
0050 元大台灣50,2014-07-16,11.877,11.8856,11.7306,11.7736,5002,342670,-0.8702,1639000,112026,,,TSE
0050 元大台灣50,2014-07-17,11.7047,11.7133,11.5928,11.6272,8012,541682,-1.2436,1347000,90923,,,TSE
0050 元大台灣50,2014-07-18,11.5497,11.6444,11.5411,11.6272,6375,429471,0.0,1347000,90923,,,TSE
0050 元大台灣50,2014-07-21,11.6703,11.7047,11.6272,11.6272,5309,359828,0.0,1347000,90923,,,TSE
0050 元大台灣50,2014-07-22,11.6617,11.7478,11.6272,11.7306,4156,282494,0.8889,1347000,91731,,,TSE
0050 元大台灣50,2014-07-24,11.765,11.7822,11.7306,11.7822,3849,262989,0.4405,1347000,92135,,,TSE
0050 元大台灣50,2014-07-25,11.7822,11.7822,11.6186,11.6531,5548,376527,-1.0965,1347000,91125,,,TSE
0050 元大台灣50,2014-07-28,11.6186,11.6789,11.5928,11.6272,2764,186806,-0.2217,1347000,90923,,,TSE
0050 元大台灣50,2014-07-29,11.6703,11.7047,11.5755,11.6186,7204,486933,-0.0741,1347000,90855,,,TSE
0050 元大台灣50,2014-07-30,11.6186,11.7047,11.6186,11.6875,2800,189837,0.593,1347000,91394,,,TSE
0050 元大台灣50,2014-07-31,11.6875,11.6875,11.4722,11.498,11131,745106,-1.6212,1347000,89912,,,TSE
0050 元大台灣50,2014-08-01,11.3602,11.4205,11.3516,11.4119,12831,848041,-0.7491,1359000,90034,,,TSE
0050 元大台灣50,2014-08-04,11.4033,11.4894,11.3861,11.4722,3754,249315,0.5283,1359000,90509,,,TSE
0050 元大台灣50,2014-08-05,11.4377,11.4377,11.2138,11.2396,19581,1283063,-2.027,1359000,88675,,,TSE
0050 元大台灣50,2014-08-06,11.2483,11.3258,11.2052,11.3172,6860,448796,0.6897,1359000,89286,,,TSE
0050 元大台灣50,2014-08-07,11.3258,11.3516,11.2655,11.3172,6005,394396,0.0,1359000,89286,,,TSE
0050 元大台灣50,2014-08-08,11.2741,11.3172,11.2052,11.3172,14251,931544,0.0,1359000,89286,,,TSE
0050 元大台灣50,2014-08-11,11.3688,11.3947,11.3258,11.3774,8083,533527,0.5327,1359000,89762,,,TSE
0050 元大台灣50,2014-08-12,11.3688,11.4205,11.343,11.3861,4360,288113,0.0757,1358000,89764,,,TSE
0050 元大台灣50,2014-08-13,11.3947,11.498,11.3774,11.498,5217,346814,0.9834,1358000,90647,,,TSE
0050 元大台灣50,2014-08-14,11.5411,11.5841,11.5325,11.5583,5985,401763,0.5243,1358000,91122,,,TSE
0050 元大台灣50,2014-08-15,11.5583,11.5841,11.498,11.5583,3889,260576,0.0,1358000,91122,,,TSE
0050 元大台灣50,2014-08-18,11.5583,11.5583,11.4722,11.5239,2431,162445,-0.2981,1263000,84495,,,TSE
0050 元大台灣50,2014-08-19,11.5928,11.6703,11.5411,11.6703,6729,454465,1.2706,1263000,85568,,,TSE
0050 元大台灣50,2014-08-20,11.6617,11.722,11.6617,11.7133,8462,574417,0.369,1263000,85884,,,TSE
0050 元大台灣50,2014-08-21,11.7133,11.7306,11.6789,11.6961,3052,207352,-0.1471,1263000,85758,,,TSE
0050 元大台灣50,2014-08-22,11.7306,11.877,11.7306,11.8425,7540,517676,1.2518,1263000,86831,,,TSE
0050 元大台灣50,2014-08-25,11.8425,11.8684,11.8167,11.8253,2955,203148,-0.1455,1263000,86705,,,TSE
0050 元大台灣50,2014-08-26,11.8167,11.8511,11.8081,11.8167,1734,119061,-0.0728,1263000,86642,,,TSE
0050 元大台灣50,2014-08-27,11.877,11.9545,11.877,11.9287,7614,526514,0.9475,1263000,87463,,,TSE
0050 元大台灣50,2014-08-28,11.9287,11.9631,11.92,11.9459,3895,270085,0.1444,1263000,87589,,,TSE
0050 元大台灣50,2014-08-29,11.8942,11.9373,11.8598,11.92,2432,168185,-0.2163,1127000,77988,,,TSE
0050 元大台灣50,2014-09-01,11.9287,12.0492,11.9287,12.0234,5273,368028,0.8671,1127000,78665,,,TSE
0050 元大台灣50,2014-09-02,12.0062,12.0062,11.8167,11.8425,17741,1224374,-1.5043,1123500,77241,,,TSE
0050 元大台灣50,2014-09-03,11.8684,11.9631,11.8598,11.9287,6908,478099,0.7273,928000,64264,,,TSE
0050 元大台灣50,2014-09-04,11.8856,11.9114,11.8511,11.8856,5388,371808,-0.361,927000,63963,,,TSE
0050 元大台灣50,2014-09-05,11.9373,11.9373,11.8253,11.8856,7409,510544,0.0,927000,63963,,,TSE
0050 元大台灣50,2014-09-09,11.9545,11.9717,11.9287,11.9287,7410,514362,0.3623,927000,64195,,,TSE
0050 元大台灣50,2014-09-10,11.877,11.877,11.722,11.8253,17854,1220436,-0.8664,927000,63639,,,TSE
0050 元大台灣50,2014-09-11,11.8339,11.8339,11.7822,11.7822,8677,595084,-0.3642,927000,63407,,,TSE
0050 元大台灣50,2014-09-12,11.7822,11.7822,11.6444,11.6703,19509,1323644,-0.9503,942000,63821,,,TSE
0050 元大台灣50,2014-09-15,11.5669,11.6703,11.5669,11.6703,13125,886657,0.0,942000,63821,,,TSE
0050 元大台灣50,2014-09-16,11.6531,11.6531,11.5669,11.5755,18030,1213922,-0.8118,977500,65688,,,TSE
0050 元大台灣50,2014-09-17,11.6272,11.7478,11.6186,11.6617,16515,1121078,0.744,990500,67057,,,TSE
0050 元大台灣50,2014-09-18,11.6617,11.722,11.6444,11.6875,16231,1100282,0.2216,1001500,67952,,,TSE
0050 元大台灣50,2014-09-19,11.7478,11.7564,11.6875,11.7133,12117,824099,0.2211,1002500,68170,,,TSE
0050 元大台灣50,2014-09-22,11.6014,11.6014,11.4636,11.5325,27057,1807498,-1.5441,1019000,68222,,,TSE
0050 元大台灣50,2014-09-23,11.5239,11.5411,11.4808,11.5066,14803,989664,-0.224,1030500,68837,,,TSE
0050 元大台灣50,2014-09-24,11.4636,11.5066,11.4205,11.4636,25198,1677321,-0.3743,1044000,69478,,,TSE
0050 元大台灣50,2014-09-25,11.4894,11.5152,11.3172,11.3602,23056,1525231,-0.9016,1016000,67005,,,TSE
0050 元大台灣50,2014-09-26,11.2827,11.343,11.2396,11.2999,23172,1519722,-0.5307,1016000,66650,,,TSE
0050 元大台灣50,2014-09-29,11.3085,11.3172,11.231,11.2655,17179,1123942,-0.3049,1041000,68081,,,TSE
0050 元大台灣50,2014-09-30,11.2483,11.3085,11.1363,11.2483,20703,1347528,-0.1529,1048500,68467,,,TSE
0050 元大台灣50,2014-10-01,11.2052,11.3085,11.1707,11.2827,17507,1145739,0.3063,1048500,68677,,,TSE
0050 元大台灣50,2014-10-02,11.1966,11.3258,11.1793,11.2827,11487,750371,0.0,1048500,68677,,,TSE
0050 元大台灣50,2014-10-03,11.3344,11.4894,11.2999,11.4894,16238,1074509,1.8321,1047000,69835,,,TSE
0050 元大台灣50,2014-10-06,11.4808,11.4894,11.3947,11.4808,6657,442682,-0.075,1047000,69783,,,TSE
0050 元大台灣50,2014-10-07,11.4119,11.4119,11.3172,11.3861,11314,746517,-0.8252,1047000,69207,,,TSE
0050 元大台灣50,2014-10-08,11.3344,11.3774,11.3172,11.3172,8106,533687,-0.6051,1047000,68788,,,TSE
0050 元大台灣50,2014-10-09,11.3861,11.4463,11.3172,11.3688,15003,991657,0.4566,1047000,69102,,,TSE
0050 元大台灣50,2014-10-13,11.0502,11.1191,10.9899,11.0243,19670,1262058,-3.0303,1048000,67072,,,TSE
0050 元大台灣50,2014-10-14,11.0243,11.1277,11.0243,11.1191,12914,830367,0.8594,1048000,67648,,,TSE
0050 元大台灣50,2014-10-15,11.1018,11.1621,11.0157,11.0415,14412,924662,-0.6971,1048000,67177,,,TSE
0050 元大台灣50,2014-10-16,10.964,11.0846,10.8951,11.0243,24720,1574418,-0.156,1055500,67552,,,TSE
0050 元大台灣50,2014-10-17,11.0674,11.0932,10.9124,10.9124,15739,1003578,-1.0156,1055500,66866,,,TSE
0050 元大台灣50,2014-10-20,11.0674,11.1277,11.0071,11.1277,10883,699922,1.9732,1055500,68185,,,TSE
0050 元大台灣50,2014-10-21,11.0932,11.1191,11.0588,11.076,7237,465770,-0.4644,1059500,68126,,,TSE
0050 元大台灣50,2014-10-22,11.2138,11.2741,11.1966,11.2483,9342,609083,1.5552,1050500,68598,,,TSE
0050 元大台灣50,2014-10-23,11.2483,11.2483,11.1966,11.2052,7088,461607,-0.3828,1038000,67522,,,TSE
0050 元大台灣50,2014-10-24,11.267,11.267,11.0817,11.1258,22503,1421022,-0.6918,1052000,66329,,,TSE
0050 元大台灣50,2014-10-27,11.1876,11.1964,11.117,11.1611,8078,510850,0.3172,1069000,67614,,,TSE
0050 元大台灣50,2014-10-28,11.2934,11.3552,11.2934,11.3552,11178,717875,1.7391,1069500,68822,,,TSE
0050 元大台灣50,2014-10-29,11.3993,11.4699,11.3817,11.4699,9403,609040,1.0101,1072000,69680,,,TSE
0050 元大台灣50,2014-10-30,11.4434,11.4611,11.3905,11.4346,9083,588379,-0.3077,1072500,69498,,,TSE
0050 元大台灣50,2014-10-31,11.4699,11.5228,11.417,11.5228,16609,1079821,0.7716,1072500,70034,,,TSE
0050 元大台灣50,2014-11-03,11.5228,11.6287,11.5228,11.5758,10607,695909,0.4594,1073000,70389,,,TSE
0050 元大台灣50,2014-11-04,11.6022,11.6552,11.567,11.5846,11030,725801,0.0762,1073000,70442,,,TSE
0050 元大台灣50,2014-11-05,11.6111,11.6199,11.5317,11.5581,10539,690084,-0.2285,1074000,70347,,,TSE
0050 元大台灣50,2014-11-06,11.567,11.5934,11.4611,11.4875,21140,1382416,-0.6107,1085500,70666,,,TSE
0050 元大台灣50,2014-11-07,11.4699,11.514,11.417,11.5052,10652,692458,0.1536,1086000,70807,,,TSE
0050 元大台灣50,2014-11-10,11.5405,11.6993,11.514,11.6728,16374,1082026,1.4571,1086000,71839,,,TSE
0050 元大台灣50,2014-11-11,11.6905,11.7081,11.6375,11.6375,15092,998173,-0.3023,1086000,71622,,,TSE
0050 元大台灣50,2014-11-12,11.6022,11.6199,11.4523,11.4699,18800,1227582,-1.4405,1086000,70590,,,TSE
0050 元大台灣50,2014-11-13,11.4699,11.5846,11.4699,11.5846,10844,709408,1.0,1086000,71296,,,TSE
0050 元大台灣50,2014-11-14,11.5228,11.6111,11.5228,11.5934,11059,724599,0.0762,1087500,71449,,,TSE
0050 元大台灣50,2014-11-17,11.6552,11.664,11.4346,11.4875,17461,1141481,-0.9132,1100000,71610,,,TSE
0050 元大台灣50,2014-11-18,11.5228,11.5758,11.4346,11.4523,9940,646618,-0.3072,1101500,71487,,,TSE
0050 元大台灣50,2014-11-19,11.4964,11.664,11.4964,11.6199,18485,1216573,1.4638,1101500,72534,,,TSE
0050 元大台灣50,2014-11-20,11.6552,11.7699,11.6552,11.7522,20762,1381474,1.139,1101500,73360,,,TSE
0050 元大台灣50,2014-11-21,11.7522,11.7875,11.7258,11.7611,11947,795848,0.0751,1101000,73382,,,TSE
0050 元大台灣50,2014-11-24,11.8052,11.8581,11.7787,11.7875,13197,884765,0.2251,1103000,73680,,,TSE
0050 元大台灣50,2014-11-25,11.7611,11.8316,11.7258,11.7964,13192,882252,0.0749,1103000,73736,,,TSE
0050 元大台灣50,2014-11-26,11.7787,11.8052,11.7611,11.7964,8909,595197,0.0,1103000,73736,,,TSE
0050 元大台灣50,2014-11-27,11.8493,11.9728,11.8493,11.9111,16528,1116591,0.9723,1103000,74453,,,TSE
0050 元大台灣50,2014-11-28,11.9199,11.9463,11.8846,11.9111,9382,633454,0.0,1103000,74453,,,TSE
0050 元大台灣50,2014-12-01,11.6993,11.9022,11.6728,11.7875,21282,1420990,-1.037,1102500,73647,,,TSE
0050 元大台灣50,2014-12-02,11.7081,11.7346,11.5846,11.6111,19739,1301942,-1.497,1102500,72545,,,TSE
0050 元大台灣50,2014-12-03,11.6111,11.8228,11.5934,11.7964,11865,790064,1.5957,1102500,73702,,,TSE
0050 元大台灣50,2014-12-04,11.8669,11.9022,11.8405,11.8405,11366,764157,0.374,1102500,73978,,,TSE
0050 元大台灣50,2014-12-05,11.8405,11.8405,11.7787,11.7964,4318,288818,-0.3726,1102500,73702,,,TSE
0050 元大台灣50,2014-12-08,11.8316,11.8316,11.7081,11.7081,7633,507940,-0.7479,1102500,73151,,,TSE
0050 元大台灣50,2014-12-09,11.6905,11.6993,11.6464,11.6817,4620,305751,-0.2261,1102500,72986,,,TSE
0050 元大台灣50,2014-12-10,11.6375,11.6728,11.4964,11.5228,12851,842081,-1.3595,1102500,71993,,,TSE
0050 元大台灣50,2014-12-11,11.4787,11.5317,11.417,11.514,6920,450492,-0.0766,1092500,71286,,,TSE
0050 元大台灣50,2014-12-12,11.514,11.5581,11.4964,11.5228,4477,292348,0.0766,1092500,71340,,,TSE
0050 元大台灣50,2014-12-15,11.4258,11.4875,11.3817,11.4875,10562,684011,-0.3063,1092500,71122,,,TSE
0050 元大台灣50,2014-12-16,11.4346,11.4699,11.3905,11.3905,12711,822707,-0.8449,1100000,71005,,,TSE
0050 元大台灣50,2014-12-17,11.3905,11.3905,11.1876,11.214,19575,1248997,-1.5492,1107500,70382,,,TSE
0050 元大台灣50,2014-12-18,11.2846,11.3111,11.2317,11.2405,8593,548577,0.236,1115000,71026,,,TSE
0050 元大台灣50,2014-12-19,11.417,11.5228,11.3993,11.5052,17192,1117404,2.3548,1119500,72991,,,TSE
0050 元大台灣50,2014-12-22,11.5317,11.6464,11.5228,11.6464,7443,489020,1.227,1119500,73887,,,TSE
0050 元大台灣50,2014-12-23,11.6728,11.6993,11.6022,11.6111,5242,345828,-0.303,1135500,74716,,,TSE
0050 元大台灣50,2014-12-24,11.6287,11.7169,11.6199,11.6993,6957,460453,0.7599,1135500,75284,,,TSE
0050 元大台灣50,2014-12-25,11.7081,11.7169,11.6728,11.6993,4417,292620,0.0,1135500,75284,,,TSE
0050 元大台灣50,2014-12-26,11.7081,11.7346,11.6817,11.7258,21313,1417849,0.2262,1135500,75454,,,TSE
0050 元大台灣50,2014-12-27,11.7787,11.7787,11.7258,11.7522,3791,252447,0.2257,1135500,75624,,,TSE
0050 元大台灣50,2014-12-29,11.7522,11.8758,11.7434,11.8581,11101,744543,0.9009,1135500,76306,,,TSE
0050 元大台灣50,2014-12-30,11.8493,11.9022,11.7964,11.7964,8583,575794,-0.5208,1135500,75908,,,TSE
0050 元大台灣50,2014-12-31,11.7875,11.8228,11.7522,11.7964,7418,495610,0.0,1127000,75340,,,TSE
0050 元大台灣50,2015-01-05,11.7169,11.7787,11.6464,11.7434,6295,417637,-0.4488,1135500,75568,,,TSE
0050 元大台灣50,2015-01-06,11.6022,11.6022,11.4258,11.4523,19501,1272547,-2.4793,1135500,73694,,,TSE
0050 元大台灣50,2015-01-07,11.417,11.514,11.417,11.4699,6991,454539,0.1541,1134500,73743,,,TSE
0050 元大台灣50,2015-01-08,11.5581,11.7522,11.5581,11.7346,13153,871151,2.3077,1134500,75444,,,TSE
0050 元大台灣50,2015-01-09,11.8052,11.814,11.6552,11.6728,5891,391342,-0.5263,1134500,75047,,,TSE
0050 元大台灣50,2015-01-12,11.6111,11.6728,11.5846,11.6022,9060,596821,-0.6047,1134500,74593,,,TSE
0050 元大台灣50,2015-01-13,11.5758,11.7169,11.5405,11.6375,6151,406400,0.3042,1134500,74820,,,TSE
0050 元大台灣50,2015-01-14,11.6464,11.6552,11.5405,11.5758,7205,473109,-0.5307,1129000,74062,,,TSE
0050 元大台灣50,2015-01-15,11.5846,11.6375,11.5317,11.6111,3525,231506,0.3049,1129000,74288,,,TSE
0050 元大台灣50,2015-01-16,11.6905,11.7169,11.5317,11.5581,9317,613484,-0.4559,1129000,73950,,,TSE
0050 元大台灣50,2015-01-19,11.6993,11.7787,11.6552,11.6905,17591,1166409,1.145,1129000,74796,,,TSE
0050 元大台灣50,2015-01-20,11.7346,11.8052,11.7081,11.7787,10097,673782,0.7547,1125000,75094,,,TSE
0050 元大台灣50,2015-01-21,11.8581,11.8758,11.8228,11.8669,17556,1179808,0.7491,1125000,75656,,,TSE
0050 元大台灣50,2015-01-22,11.9111,11.9816,11.9022,11.9287,16125,1090773,0.5204,1125000,76050,,,TSE
0050 元大台灣50,2015-01-23,12.0434,12.1228,12.0434,12.1228,35859,2457940,1.6272,1115000,76601,,,TSE
0050 元大台灣50,2015-01-26,12.0963,12.1493,12.0787,12.1228,20460,1404630,0.0,1105000,75914,,,TSE
0050 元大台灣50,2015-01-27,12.1757,12.2199,12.1404,12.2022,36217,2499213,0.655,1105000,76411,,,TSE
0050 元大台灣50,2015-01-28,12.1404,12.211,12.1404,12.2022,35993,2485686,0.0,1105000,76411,,,TSE
0050 元大台灣50,2015-01-29,12.1846,12.1846,12.0257,12.0522,19790,1353476,-1.2292,1103500,75369,,,TSE
0050 元大台灣50,2015-01-30,12.1052,12.1052,11.9993,11.9993,4264,290995,-0.4392,1083000,73644,,,TSE
0050 元大台灣50,2015-02-02,12.0346,12.061,11.9816,12.0257,5810,395850,0.2206,1083000,73806,,,TSE
0050 元大台灣50,2015-02-03,12.061,12.1493,12.0169,12.114,16645,1142793,0.7337,1083000,74348,,,TSE
0050 元大台灣50,2015-02-04,12.211,12.264,12.1846,12.2463,20357,1411607,1.0925,1072500,74432,,,TSE
0050 元大台灣50,2015-02-05,12.1846,12.2199,12.1404,12.1934,4783,329874,-0.4323,1072500,74110,,,TSE
0050 元大台灣50,2015-02-06,12.1934,12.211,12.114,12.1316,4107,282693,-0.5065,1072500,73734,,,TSE
0050 元大台灣50,2015-02-09,12.1316,12.1316,12.0434,12.0875,3512,240429,-0.3636,1072500,73466,,,TSE
0050 元大台灣50,2015-02-10,12.0787,12.0875,12.0346,12.0434,8023,547920,-0.365,1072500,73198,,,TSE
0050 元大台灣50,2015-02-11,12.1228,12.2199,12.1228,12.1757,7199,496602,1.0989,1072500,74003,,,TSE
0050 元大台灣50,2015-02-12,12.1757,12.211,12.1404,12.1757,9310,642508,0.0,1072500,74003,,,TSE
0050 元大台灣50,2015-02-13,12.2375,12.2904,12.2375,12.2551,7599,528270,0.6522,1072500,74485,,,TSE
0050 元大台灣50,2015-02-24,12.3434,12.4316,12.3434,12.3963,14549,1022504,1.1519,1072500,75343,,,TSE
0050 元大台灣50,2015-02-25,12.4757,12.511,12.4493,12.4934,23253,1644414,0.7829,1057500,74871,,,TSE
0050 元大台灣50,2015-02-26,12.4493,12.4669,12.361,12.4051,8688,610954,-0.7062,1057500,74342,,,TSE
0050 元大台灣50,2015-03-02,12.4051,12.4493,12.3081,12.3522,6589,461349,-0.4267,1057500,74025,,,TSE
0050 元大台灣50,2015-03-03,12.361,12.3698,12.264,12.3346,5067,353130,-0.1429,1057500,73919,,,TSE
0050 元大台灣50,2015-03-04,12.2728,12.361,12.264,12.3434,6414,448582,0.0715,1057500,73972,,,TSE
0050 元大台灣50,2015-03-05,12.3434,12.3522,12.2375,12.2993,3761,261883,-0.3574,1050500,73220,,,TSE
0050 元大台灣50,2015-03-06,12.2728,12.3346,12.2287,12.3169,3067,213689,0.1435,1037000,72383,,,TSE
0050 元大台灣50,2015-03-09,12.2551,12.264,12.1581,12.1934,7464,515792,-1.0029,1037000,71657,,,TSE
0050 元大台灣50,2015-03-10,12.1757,12.1846,12.1052,12.1669,6958,479061,-0.2171,1037000,71501,,,TSE
0050 元大台灣50,2015-03-11,12.061,12.2022,12.0522,12.1846,10039,689232,0.145,1037500,71639,,,TSE
0050 元大台灣50,2015-03-12,12.1493,12.2904,12.1404,12.2904,5710,396200,0.8689,1037500,72262,,,TSE
0050 元大台灣50,2015-03-13,12.2904,12.3081,12.2551,12.2551,4527,315257,-0.2872,1037500,72054,,,TSE
0050 元大台灣50,2015-03-16,12.2375,12.2375,12.1493,12.1581,6079,420077,-0.7919,1037500,71484,,,TSE
0050 元大台灣50,2015-03-17,12.211,12.3081,12.1757,12.2022,7096,491872,0.3628,1027500,71052,,,TSE
0050 元大台灣50,2015-03-18,12.211,12.3787,12.211,12.3346,18621,1302008,1.0846,1007500,70424,,,TSE
0050 元大台灣50,2015-03-19,12.4404,12.511,12.3963,12.4669,12488,882632,1.073,1007500,71180,,,TSE
0050 元大台灣50,2015-03-20,12.4669,12.4669,12.4228,12.4493,4499,317484,-0.1415,992500,70021,,,TSE
0050 元大台灣50,2015-03-23,12.4493,12.511,12.4316,12.4845,7600,537702,0.2835,989000,69972,,,TSE
0050 元大台灣50,2015-03-24,12.4493,12.5022,12.414,12.4404,4504,317852,-0.3534,988000,69654,,,TSE
0050 元大台灣50,2015-03-25,12.4404,12.4581,12.3698,12.3963,4458,313055,-0.3546,988000,69407,,,TSE
0050 元大台灣50,2015-03-26,12.2463,12.2993,12.2022,12.2463,9508,659426,-1.21,988000,68567,,,TSE
0050 元大台灣50,2015-03-27,12.2463,12.2463,12.114,12.1316,10014,690644,-0.9366,988000,67925,,,TSE
0050 元大台灣50,2015-03-30,12.1316,12.1581,12.0963,12.1404,10353,711624,0.0727,988000,67974,,,TSE
0050 元大台灣50,2015-03-31,12.1757,12.2199,12.1404,12.1846,7643,527392,0.3634,988000,68221,,,TSE
0050 元大台灣50,2015-04-01,12.1228,12.1493,12.0875,12.114,8234,565367,-0.5793,988000,67826,,,TSE
0050 元大台灣50,2015-04-02,12.1581,12.3081,12.1581,12.264,7800,541860,1.2382,988000,68666,,,TSE
0050 元大台灣50,2015-04-07,12.2728,12.2993,12.2375,12.2816,3447,239681,0.1439,988000,68765,,,TSE
0050 元大台灣50,2015-04-08,12.2816,12.2816,12.1493,12.1757,5069,350122,-0.8621,987500,68138,,,TSE
0050 元大台灣50,2015-04-09,12.1757,12.3257,12.1669,12.1934,6205,430981,0.1449,987500,68236,,,TSE
0050 元大台灣50,2015-04-10,12.2993,12.3169,12.2551,12.2904,4600,320214,0.7959,987500,68779,,,TSE
0050 元大台灣50,2015-04-13,12.3346,12.3434,12.2904,12.3257,4199,293101,0.2872,987500,68977,,,TSE
0050 元大台灣50,2015-04-14,12.3257,12.3257,12.264,12.264,4562,317629,-0.5011,987500,68631,,,TSE
0050 元大台灣50,2015-04-15,12.2199,12.264,12.0699,12.114,17266,1185132,-1.223,987500,67792,,,TSE
0050 元大台灣50,2015-04-16,12.1669,12.2993,12.1581,12.2993,15774,1096081,1.5295,987500,68829,,,TSE
0050 元大台灣50,2015-04-17,12.2728,12.2728,12.1581,12.1846,9237,637969,-0.9326,987500,68187,,,TSE
0050 元大台灣50,2015-04-20,12.1228,12.2022,12.0963,12.1669,9571,657845,-0.1448,987500,68088,,,TSE
0050 元大台灣50,2015-04-21,12.1846,12.2287,12.1493,12.1669,2864,197793,0.0,987500,68088,,,TSE
0050 元大台灣50,2015-04-22,12.2287,12.3169,12.2199,12.2904,11311,787537,1.0152,987500,68779,,,TSE
0050 元大台灣50,2015-04-23,12.3875,12.6169,12.3787,12.6169,24334,1724238,2.6561,987500,70606,,,TSE
0050 元大台灣50,2015-04-24,12.6522,12.8551,12.6522,12.7404,26527,1917092,0.979,987500,71298,,,TSE
0050 元大台灣50,2015-04-27,12.8816,12.9345,12.811,12.8375,13281,968278,0.7618,987500,71841,,,TSE
0050 元大台灣50,2015-04-28,12.8551,12.8992,12.7669,12.811,16465,1195111,-0.2062,987500,71693,,,TSE
0050 元大台灣50,2015-04-29,12.7934,12.8286,12.6345,12.6698,10074,725594,-1.1019,987500,70903,,,TSE
0050 元大台灣50,2015-04-30,12.6345,12.6698,12.5551,12.6081,6780,484999,-0.4875,987500,70557,,,TSE
0050 元大台灣50,2015-05-04,12.6081,12.6434,12.5022,12.6345,5381,383599,0.2099,987500,70705,,,TSE
0050 元大台灣50,2015-05-05,12.5992,12.5992,12.511,12.564,6801,483838,-0.5587,987500,70310,,,TSE
0050 元大台灣50,2015-05-06,12.4934,12.5992,12.4404,12.5816,6603,468611,0.1404,987500,70409,,,TSE
0050 元大台灣50,2015-05-07,12.4934,12.4934,12.3787,12.4316,10204,718490,-1.1921,987500,69569,,,TSE
0050 元大台灣50,2015-05-08,12.4316,12.4669,12.4316,12.4404,5647,398589,0.071,987500,69619,,,TSE
0050 元大台灣50,2015-05-11,12.5287,12.564,12.4051,12.5022,11222,793547,0.4965,987500,69964,,,TSE
0050 元大台灣50,2015-05-12,12.4581,12.5022,12.4493,12.4757,9064,640522,-0.2117,987500,69816,,,TSE
0050 元大台灣50,2015-05-13,12.4757,12.564,12.4757,12.5463,6874,488179,0.5658,987500,70211,,,TSE
0050 元大台灣50,2015-05-14,12.5022,12.5198,12.3522,12.3698,16520,1161687,-1.4065,987500,69224,,,TSE
0050 元大台灣50,2015-05-15,12.4051,12.414,12.2993,12.3522,11642,815422,-0.1427,997500,69825,,,TSE
0050 元大台灣50,2015-05-18,12.361,12.4051,12.3522,12.3963,3248,227961,0.3571,997500,70074,,,TSE
0050 元大台灣50,2015-05-19,12.4228,12.6081,12.4228,12.5816,8458,601702,1.4947,997500,71122,,,TSE
0050 元大台灣50,2015-05-20,12.5728,12.5728,12.4934,12.4934,7530,534194,-0.7013,997500,70623,,,TSE
0050 元大台灣50,2015-05-21,12.3787,12.3875,12.3081,12.3787,11567,809811,-0.9181,997500,69975,,,TSE
0050 元大台灣50,2015-05-22,12.3875,12.5198,12.3875,12.4757,6152,435042,0.784,997500,70523,,,TSE
0050 元大台灣50,2015-05-25,12.4316,12.5198,12.4051,12.4757,2391,169027,0.0,997500,70523,,,TSE
0050 元大台灣50,2015-05-26,12.564,12.6345,12.4934,12.5287,7521,535292,0.4243,997500,70823,,,TSE
0050 元大台灣50,2015-05-27,12.5022,12.5816,12.4757,12.5551,5812,413273,0.2113,997500,70972,,,TSE
0050 元大台灣50,2015-05-28,12.661,12.6875,12.5728,12.6169,5790,414080,0.4919,997500,71321,,,TSE
0050 元大台灣50,2015-05-29,12.6522,12.6522,12.5375,12.5463,4900,349371,-0.5594,997500,70922,,,TSE
0050 元大台灣50,2015-06-01,12.5463,12.5551,12.3963,12.4404,7850,553306,-0.8439,997500,70324,,,TSE
0050 元大台灣50,2015-06-02,12.4316,12.4404,12.3522,12.4228,4867,341989,-0.1418,997500,70224,,,TSE
0050 元大台灣50,2015-06-03,12.4051,12.4228,12.3346,12.3434,6558,459976,-0.6392,955000,66802,,,TSE
0050 元大台灣50,2015-06-04,12.3169,12.3346,12.061,12.1052,28182,1941540,-1.9299,955000,65513,,,TSE
0050 元大台灣50,2015-06-05,12.0875,12.1052,12.0346,12.0787,15106,1033376,-0.2187,955000,65370,,,TSE
0050 元大台灣50,2015-06-08,12.0522,12.1846,11.9993,12.1581,9094,622037,0.6574,965000,66489,,,TSE
0050 元大台灣50,2015-06-09,12.0875,12.1052,11.9993,12.061,18429,1258036,-0.7983,965000,65958,,,TSE
0050 元大台灣50,2015-06-10,12.0963,12.1581,12.0787,12.114,8666,595189,0.4389,975000,66934,,,TSE
0050 元大台灣50,2015-06-11,12.1404,12.1581,12.0699,12.1493,7352,504746,0.2913,975000,67129,,,TSE
0050 元大台灣50,2015-06-12,12.1581,12.1757,12.0787,12.1404,3175,218259,-0.0726,975000,67080,,,TSE
0050 元大台灣50,2015-06-15,12.1404,12.1757,12.0875,12.114,3761,258521,-0.218,975000,66934,,,TSE
0050 元大台灣50,2015-06-16,12.114,12.114,12.0081,12.0346,8681,592299,-0.6555,975000,66495,,,TSE
0050 元大台灣50,2015-06-17,12.0346,12.1316,12.0346,12.0875,5564,380966,0.4399,973000,66651,,,TSE
0050 元大台灣50,2015-06-18,12.0787,12.0963,12.0346,12.0699,10688,730684,-0.146,1022500,69939,,,TSE
0050 元大台灣50,2015-06-22,12.1316,12.2463,12.1316,12.2375,11310,782304,1.3889,1115000,77325,,,TSE
0050 元大台灣50,2015-06-23,12.2728,12.3257,12.2375,12.2728,5311,369513,0.2884,1365000,94936,,,TSE
0050 元大台灣50,2015-06-24,12.2816,12.2993,12.2463,12.2904,6127,426268,0.1438,1537500,107087,,,TSE
0050 元大台灣50,2015-06-25,12.3522,12.4669,12.3522,12.4316,13815,972267,1.1486,1712500,120646,,,TSE
0050 元大台灣50,2015-06-26,12.4316,12.4316,12.3787,12.4316,4926,346310,0.0,1777500,125225,,,TSE
0050 元大台灣50,2015-06-29,12.2375,12.2816,12.1316,12.1404,11576,800533,-2.3421,1777500,122292,,,TSE
0050 元大台灣50,2015-06-30,12.1404,12.2463,12.1404,12.2463,4093,282871,0.8721,1777500,123359,,,TSE
0050 元大台灣50,2015-07-01,12.2463,12.4051,12.2199,12.361,6063,424660,0.9366,1777500,124514,,,TSE
0050 元大台灣50,2015-07-02,12.3875,12.3963,12.3257,12.3698,4340,303948,0.0714,1777500,124603,,,TSE
0050 元大台灣50,2015-07-03,12.3522,12.3875,12.2199,12.3698,7762,540423,0.0,1777500,124603,,,TSE
0050 元大台灣50,2015-07-06,12.2728,12.361,12.211,12.2287,7584,526949,-1.1412,1777500,123181,,,TSE
0050 元大台灣50,2015-07-07,12.2904,12.3698,12.2551,12.2816,4706,328215,0.4329,1777500,123714,,,TSE
0050 元大台灣50,2015-07-08,12.211,12.211,11.9022,11.9111,37899,2576676,-3.0172,1777500,119981,,,TSE
0050 元大台灣50,2015-07-09,11.7875,11.8846,11.664,11.8405,33083,2203429,-0.5926,1777500,119270,,,TSE
0050 元大台灣50,2015-07-13,11.9993,12.0169,11.8581,12.0169,15806,1069053,1.4903,1777500,121048,,,TSE
0050 元大台灣50,2015-07-14,12.0522,12.1228,12.0081,12.0169,9618,657390,0.0,1777500,121048,,,TSE
0050 元大台灣50,2015-07-15,12.0522,12.114,11.9993,12.0434,8865,605236,0.2203,1779000,121417,,,TSE
0050 元大台灣50,2015-07-16,12.1052,12.1669,12.0346,12.1052,6939,476110,0.5128,1779000,122039,,,TSE
0050 元大台灣50,2015-07-17,12.061,12.114,12.0522,12.0875,3432,235053,-0.1458,1779000,121862,,,TSE
0050 元大台灣50,2015-07-20,12.1757,12.211,11.964,11.9993,7832,535748,-0.7299,1779000,120972,,,TSE
0050 元大台灣50,2015-07-21,12.061,12.114,11.9993,12.114,3363,229995,0.9559,1779000,122128,,,TSE
0050 元大台灣50,2015-07-22,12.0346,12.0522,11.9463,11.964,14139,961043,-1.2382,1779000,120616,,,TSE
0050 元大台灣50,2015-07-23,11.9111,11.9728,11.7964,11.8493,20981,1410059,-0.9587,1781500,119628,,,TSE
0050 元大台灣50,2015-07-24,11.8316,11.8669,11.7346,11.7787,19922,1331121,-0.5957,1761500,117580,,,TSE
0050 元大台灣50,2015-07-27,11.7169,11.7434,11.567,11.6111,28446,1876583,-1.4232,1761500,115907,,,TSE
0050 元大台灣50,2015-07-28,11.6022,11.6993,11.5581,11.6199,17518,1154891,0.076,1733000,114118,,,TSE
0050 元大台灣50,2015-07-29,11.6287,11.6287,11.4875,11.5405,18492,1209602,-0.6834,1653500,108139,,,TSE
0050 元大台灣50,2015-07-30,11.5758,11.7434,11.567,11.7346,7473,494964,1.682,1628500,108295,,,TSE
0050 元大台灣50,2015-07-31,11.7346,11.7434,11.6111,11.6728,11169,737988,-0.5263,1578500,104418,,,TSE
0050 元大台灣50,2015-08-03,11.6287,11.6287,11.4523,11.514,15758,1027197,-1.3605,1558500,101692,,,TSE
0050 元大台灣50,2015-08-04,11.5581,11.6464,11.4699,11.5228,12310,803217,0.0766,1581000,103239,,,TSE
0050 元大台灣50,2015-08-05,11.567,11.6464,11.5228,11.5934,9875,648399,0.6126,1607500,105613,,,TSE
0050 元大台灣50,2015-08-06,11.6464,11.6552,11.3905,11.4699,23620,1535880,-1.0654,1610000,104650,,,TSE
0050 元大台灣50,2015-08-07,11.3817,11.4699,11.3287,11.417,6898,446241,-0.4615,1610000,104167,,,TSE
0050 元大台灣50,2015-08-10,11.3993,11.4258,11.2934,11.3905,10082,649653,-0.2318,1582500,102150,,,TSE
0050 元大台灣50,2015-08-11,11.5228,11.6111,11.364,11.3905,17411,1131041,0.0,1560000,100698,,,TSE
0050 元大台灣50,2015-08-12,11.3376,11.3728,11.117,11.1964,24218,1541063,-1.7041,1588000,100759,,,TSE
0050 元大台灣50,2015-08-13,11.1964,11.2758,11.1787,11.214,16147,1025508,0.1576,1588500,100949,,,TSE
0050 元大台灣50,2015-08-14,11.1964,11.2493,11.1434,11.1699,8405,532406,-0.3934,1429000,90456,,,TSE
0050 元大台灣50,2015-08-17,11.1699,11.1699,11.064,11.0993,13852,871311,-0.6319,1339000,84223,,,TSE
0050 元大台灣50,2015-08-18,11.117,11.1699,11.0199,11.0376,9841,617280,-0.5564,1339000,83754,,,TSE
0050 元大台灣50,2015-08-19,11.0111,11.0288,10.817,10.8699,17595,1088315,-1.5188,1339000,82482,,,TSE
0050 元大台灣50,2015-08-20,10.8082,10.9141,10.7552,10.8346,19329,1185812,-0.3247,1306000,80188,,,TSE
0050 元大台灣50,2015-08-21,10.6935,10.7199,10.5523,10.5523,28076,1689327,-2.6059,1306000,78099,,,TSE
0050 元大台灣50,2015-08-24,10.4288,10.4288,9.7759,10.1464,61317,3512538,-3.8462,1296000,74520,,,TSE
0050 元大台灣50,2015-08-25,10.1464,10.5876,10.1464,10.5876,43487,2578413,4.3478,1301500,78090,,,TSE
0050 元大台灣50,2015-08-26,10.4641,10.6758,10.3494,10.6494,17123,1020266,0.5833,1301500,78546,,,TSE
0050 元大台灣50,2015-08-27,10.6935,10.7023,10.5876,10.6141,18326,1106779,-0.3314,1314000,79037,,,TSE
0050 元大台灣50,2015-08-28,10.7641,10.9229,10.7641,10.9052,18684,1150095,2.7431,1308000,80834,,,TSE
0050 元大台灣50,2015-08-31,10.817,11.0023,10.7994,10.9935,18957,1171281,0.8091,1288000,80242,,,TSE
0050 元大台灣50,2015-09-01,10.9229,11.0464,10.8523,10.8964,12340,766117,-0.8828,1270500,78453,,,TSE
0050 元大台灣50,2015-09-02,10.7817,10.9935,10.7552,10.9582,18170,1118387,0.5668,1349000,83773,,,TSE
0050 元大台灣50,2015-09-03,11.0023,11.0111,10.8699,10.967,7543,468271,0.0805,1347500,83747,,,TSE
0050 元大台灣50,2015-09-04,10.967,11.0376,10.8258,10.8258,15808,978163,-1.2872,1304500,80031,,,TSE
0050 元大台灣50,2015-09-07,10.817,10.9935,10.7817,10.8082,10155,624485,-0.163,1304500,79901,,,TSE
0050 元大台灣50,2015-09-08,10.8523,10.8788,10.7817,10.8435,9642,592119,0.3265,1304500,80162,,,TSE
0050 元大台灣50,2015-09-09,11.0552,11.3199,11.0552,11.3199,24002,1525863,4.3938,1304500,83684,,,TSE
0050 元大台灣50,2015-09-10,11.2581,11.2581,11.1434,11.1964,10184,646044,-1.0912,1304500,82771,,,TSE
0050 元大台灣50,2015-09-11,11.1699,11.2405,11.1258,11.2052,7961,505296,0.0788,1304500,82836,,,TSE
0050 元大台灣50,2015-09-14,11.2758,11.2934,11.1611,11.2317,4389,279210,0.2362,1304500,83031,,,TSE
0050 元大台灣50,2015-09-15,11.2493,11.267,11.1258,11.1434,5767,365312,-0.7855,1294500,81748,,,TSE
0050 元大台灣50,2015-09-16,11.2317,11.2934,11.1876,11.2758,7422,473560,1.1876,1294500,82719,,,TSE
0050 元大台灣50,2015-09-17,11.3817,11.4964,11.3817,11.4699,12909,838052,1.7214,1294500,84143,,,TSE
0050 元大台灣50,2015-09-18,11.4699,11.4699,11.3905,11.4434,3507,227184,-0.2308,1294500,83948,,,TSE
0050 元大台灣50,2015-09-21,11.3023,11.3111,11.1523,11.1964,9987,633935,-2.1588,1292500,82009,,,TSE
0050 元大台灣50,2015-09-22,11.214,11.2846,11.214,11.2581,4330,275986,0.5516,1292500,82462,,,TSE
0050 元大台灣50,2015-09-23,11.1523,11.1523,10.9758,11.0023,10045,627964,-2.2727,1252500,78093,,,TSE
0050 元大台灣50,2015-09-24,11.0376,11.0905,10.9229,10.9405,7364,458475,-0.5613,1252500,77655,,,TSE
0050 元大台灣50,2015-09-25,10.967,11.0023,10.8699,10.9846,5982,370528,0.4032,1252500,77968,,,TSE
0050 元大台灣50,2015-09-30,10.8435,11.0464,10.8435,11.0111,8574,533541,0.241,1274500,79529,,,TSE
0050 元大台灣50,2015-10-01,11.0464,11.2405,10.9758,11.2229,11986,756664,1.9231,1274500,81058,,,TSE
0050 元大台灣50,2015-10-02,11.1787,11.2229,11.1346,11.1611,7571,479582,-0.5503,1274500,80612,,,TSE
0050 元大台灣50,2015-10-05,11.2581,11.2934,11.1611,11.1876,5383,342143,0.2372,1274500,80803,,,TSE
0050 元大台灣50,2015-10-06,11.3199,11.417,11.267,11.2758,8300,533161,0.7886,1274500,81441,,,TSE
0050 元大台灣50,2015-10-07,11.2758,11.4434,11.2758,11.4434,8637,557000,1.4867,1274500,82651,,,TSE
0050 元大台灣50,2015-10-08,11.4875,11.5228,11.3993,11.417,12360,803154,-0.2313,1274500,82460,,,TSE
0050 元大台灣50,2015-10-12,11.4787,11.6287,11.4787,11.567,17465,1144859,1.3138,1274500,83543,,,TSE
0050 元大台灣50,2015-10-13,11.5758,11.5846,11.4964,11.5228,7489,489761,-0.3814,1274500,83225,,,TSE
0050 元大台灣50,2015-10-14,11.5228,11.5228,11.4611,11.4787,7135,464717,-0.3828,1274500,82906,,,TSE
0050 元大台灣50,2015-10-15,11.5846,11.7081,11.5846,11.6464,14357,948629,1.4604,1274500,84117,,,TSE
0050 元大台灣50,2015-10-16,11.6375,11.6464,11.5758,11.6022,8189,538694,-0.3788,1274500,83798,,,TSE
0050 元大台灣50,2015-10-19,11.6464,11.6817,11.5934,11.6375,7411,488570,0.3042,1251500,82536,,,TSE
0050 元大台灣50,2015-10-20,11.6464,11.664,11.6111,11.6375,4526,298526,0.0,1251500,82536,,,TSE
0050 元大台灣50,2015-10-21,11.664,11.6728,11.5405,11.5581,11498,755187,-0.6823,1212500,79419,,,TSE
0050 元大台灣50,2015-10-22,11.5228,11.5758,11.514,11.5581,8066,527859,0.0,1204000,78862,,,TSE
0050 元大台灣50,2015-10-23,11.6817,11.7346,11.6199,11.6287,20687,1367594,0.6107,1194000,78685,,,TSE
0050 元大台灣50,2015-10-26,11.7378,11.8015,11.7287,11.7469,12082,780928,0.9863,1194000,77073,,,TSE
0050 元大台灣50,2015-10-27,11.7378,11.7469,11.6377,11.6832,5723,367024,-0.5422,1219000,78260,,,TSE
0050 元大台灣50,2015-10-28,11.6832,11.6923,11.5741,11.6014,5075,323952,-0.7009,1219000,77711,,,TSE
0050 元大台灣50,2015-10-29,11.665,11.7014,11.4831,11.5195,8413,533508,-0.7059,1229000,77796,,,TSE
0050 元大台灣50,2015-10-30,11.5195,11.5468,11.4285,11.5013,5991,378136,-0.158,1229000,77673,,,TSE
0050 元大台灣50,2015-11-02,11.4831,11.5377,11.3921,11.5195,4831,304671,0.1582,1239000,78429,,,TSE
0050 元大台灣50,2015-11-03,11.6105,11.7196,11.6105,11.7014,9293,596846,1.5798,1239000,79668,,,TSE
0050 元大台灣50,2015-11-04,11.7833,11.938,11.7742,11.9289,16551,1080387,1.944,1239000,81216,,,TSE
0050 元大台灣50,2015-11-05,11.9471,11.9471,11.8743,11.9016,5902,385929,-0.2288,1239000,81031,,,TSE
0050 元大台灣50,2015-11-06,11.9016,11.9016,11.5832,11.665,11915,764182,-1.9878,1239000,79420,,,TSE
0050 元大台灣50,2015-11-09,11.6468,11.7105,11.5741,11.5832,5532,353671,-0.702,1239000,78862,,,TSE
0050 元大台灣50,2015-11-10,11.5195,11.5377,11.4376,11.4467,8847,557861,-1.1783,1245000,78311,,,TSE
0050 元大台灣50,2015-11-11,11.4467,11.4649,11.2738,11.3102,16293,1015415,-1.1924,1245000,77377,,,TSE
0050 元大台灣50,2015-11-12,11.3193,11.3557,11.2556,11.3284,14213,883316,0.1609,1255000,78124,,,TSE
0050 元大台灣50,2015-11-13,11.2465,11.3648,11.201,11.2101,20384,1262031,-1.0442,1255000,77308,,,TSE
0050 元大台灣50,2015-11-16,11.1373,11.1555,11.0281,11.1282,13429,819612,-0.7305,1270000,77661,,,TSE
0050 元大台灣50,2015-11-17,11.2829,11.3921,11.2829,11.3466,8728,544635,1.9624,1270000,79185,,,TSE
0050 元大台灣50,2015-11-18,11.3466,11.3466,11.1373,11.1737,14981,923579,-1.5237,1270000,77978,,,TSE
0050 元大台灣50,2015-11-19,11.2738,11.3375,11.201,11.3375,10131,627088,1.4658,1270000,79121,,,TSE
0050 元大台灣50,2015-11-20,11.3466,11.3739,11.292,11.3375,5421,337471,0.0,1270000,79121,,,TSE
0050 元大台灣50,2015-11-23,11.3921,11.4194,11.3102,11.3921,3462,216063,0.4815,1270000,79502,,,TSE
0050 元大台灣50,2015-11-24,11.3739,11.4012,11.2556,11.2738,6598,410058,-1.0383,1270000,78677,,,TSE
0050 元大台灣50,2015-11-25,11.2556,11.3011,11.1919,11.2738,5964,368131,0.0,1270000,78677,,,TSE
0050 元大台灣50,2015-11-26,11.3375,11.4558,11.3375,11.4285,8642,542093,1.3721,1270000,79756,,,TSE
0050 元大台灣50,2015-11-27,11.4467,11.4467,11.2465,11.2738,6290,390858,-1.3535,1270000,78677,,,TSE
0050 元大台灣50,2015-11-30,11.0827,11.1373,11.0008,11.1373,23268,1412480,-1.2107,1270000,77724,,,TSE
0050 元大台灣50,2015-12-01,11.2283,11.3648,11.1828,11.3557,8409,520635,1.9608,1270000,79248,,,TSE
0050 元大台灣50,2015-12-02,11.3648,11.4194,11.3102,11.3375,6361,397283,-0.1603,1278000,79619,,,TSE
0050 元大台灣50,2015-12-03,11.2647,11.383,11.2283,11.3557,6065,377724,0.1605,1278000,79747,,,TSE
0050 元大台灣50,2015-12-04,11.2738,11.2738,11.1737,11.2374,15048,928987,-1.0417,1278000,78917,,,TSE
0050 元大台灣50,2015-12-07,11.3193,11.4649,11.3193,11.3739,14814,928255,1.2146,1278000,79875,,,TSE
0050 元大台灣50,2015-12-08,11.3284,11.3375,11.1373,11.1919,9200,566137,-1.6,1278000,78597,,,TSE
0050 元大台灣50,2015-12-09,11.1373,11.1646,11.0463,11.0554,16089,979992,-1.2195,1278000,77639,,,TSE
0050 元大台灣50,2015-12-10,10.9917,11.0554,10.8734,11.019,16616,999797,-0.3292,1287000,77928,,,TSE
0050 元大台灣50,2015-12-11,11.019,11.0463,10.8825,10.8916,13835,831652,-1.1561,1287000,77027,,,TSE
0050 元大台灣50,2015-12-14,10.7824,10.8552,10.7369,10.8097,9528,565570,-0.7519,1287000,76448,,,TSE
0050 元大台灣50,2015-12-15,10.8643,10.928,10.8006,10.8188,6796,405048,0.0842,1287000,76512,,,TSE
0050 元大台灣50,2015-12-16,10.9189,10.9917,10.8643,10.9826,6530,392518,1.5139,1287000,77670,,,TSE
0050 元大台灣50,2015-12-17,11.019,11.11,10.9826,11.11,7609,462460,1.1599,1287000,78571,,,TSE
0050 元大台灣50,2015-12-18,11.0736,11.1464,11.0099,11.0554,4893,297429,-0.4914,1295000,78671,,,TSE
0050 元大台灣50,2015-12-21,10.928,11.0554,10.9007,11.0372,4340,261775,-0.1646,1295000,78542,,,TSE
0050 元大台灣50,2015-12-22,11.0463,11.0827,10.9917,11.0645,5138,311500,0.2473,1295000,78736,,,TSE
0050 元大台灣50,2015-12-23,11.0918,11.1555,11.0645,11.0827,7263,443537,0.1645,1295000,78866,,,TSE
0050 元大台灣50,2015-12-24,11.1646,11.2192,11.1373,11.1373,8456,519184,0.4926,1295000,79254,,,TSE
0050 元大台灣50,2015-12-25,11.1373,11.2101,11.1373,11.2101,6546,402014,0.6536,1295000,79772,,,TSE
0050 元大台灣50,2015-12-28,11.2283,11.2283,11.1737,11.1828,3449,212316,-0.2435,1320500,81145,,,TSE
0050 元大台灣50,2015-12-29,11.1737,11.1737,11.0645,11.1009,3966,241951,-0.7323,1320500,80551,,,TSE
0050 元大台灣50,2015-12-30,11.1282,11.1282,11.0008,11.019,7262,440947,-0.7377,1320500,79956,,,TSE
0050 元大台灣50,2015-12-31,11.019,11.0918,11.0099,11.0554,3894,236577,0.3303,1320500,80220,,,TSE
0050 元大台灣50,2016-01-04,11.0645,11.0918,10.746,10.837,16928,1009176,-1.9753,1320500,78636,,,TSE
0050 元大台灣50,2016-01-05,10.8279,10.8734,10.7096,10.746,21783,1291792,-0.8396,1320500,77976,,,TSE
0050 元大台灣50,2016-01-06,10.746,10.746,10.5368,10.6368,28939,1688039,-1.0161,1340500,78352,,,TSE
0050 元大台灣50,2016-01-07,10.6096,10.6096,10.3184,10.4367,39962,2289801,-1.882,1363000,78168,,,TSE
0050 元大台灣50,2016-01-08,10.373,10.5004,10.3457,10.4549,25450,1459152,0.1744,1363000,78304,,,TSE
0050 元大台灣50,2016-01-11,10.3548,10.3639,10.191,10.2911,24356,1375352,-1.5666,1390000,78605,,,TSE
0050 元大台灣50,2016-01-12,10.3366,10.373,10.2456,10.282,17649,998368,-0.0884,1390000,78535,,,TSE
0050 元大台灣50,2016-01-13,10.373,10.464,10.3275,10.4003,11848,677682,1.1504,1390000,79439,,,TSE
0050 元大台灣50,2016-01-14,10.282,10.3184,10.1637,10.3184,15487,871255,-0.7874,1390000,78813,,,TSE
0050 元大台灣50,2016-01-15,10.3912,10.464,10.2365,10.3184,20847,1181841,0.0,1412000,80060,,,TSE
0050 元大台灣50,2016-01-18,10.1728,10.4276,10.1546,10.3912,13014,736737,0.7055,1412000,80625,,,TSE
0050 元大台灣50,2016-01-19,10.373,10.4185,10.3093,10.4185,8110,462104,0.2627,1412000,80837,,,TSE
0050 元大台灣50,2016-01-20,10.3457,10.3457,10.1182,10.1728,22688,1270701,-2.3581,1411500,78903,,,TSE
0050 元大台灣50,2016-01-21,10.2092,10.2456,10.1182,10.1546,10450,585123,-0.1789,1411500,78762,,,TSE
0050 元大台灣50,2016-01-22,10.2547,10.3002,10.191,10.2911,13943,784844,1.3441,1407500,79594,,,TSE
0050 元大台灣50,2016-01-25,10.373,10.5186,10.373,10.4731,12773,734244,1.7683,1407500,81002,,,TSE
0050 元大台灣50,2016-01-26,10.373,10.4003,10.3184,10.373,7583,431532,-0.9557,1407500,80228,,,TSE
0050 元大台灣50,2016-01-27,10.4458,10.4549,10.3639,10.4185,9101,520457,0.4386,1407500,80579,,,TSE
0050 元大台灣50,2016-01-28,10.4003,10.5095,10.373,10.4731,10224,588123,0.524,1400000,80570,,,TSE
0050 元大台灣50,2016-01-29,10.464,10.7551,10.4185,10.7369,20207,1180203,2.5195,1400000,82600,,,TSE
0050 元大台灣50,2016-01-30,10.8188,10.8643,10.7733,10.837,13202,785683,0.9322,1400000,83370,,,TSE
0050 元大台灣50,2016-02-01,10.8279,10.8461,10.7551,10.837,7967,473078,0.0,1394000,83013,,,TSE
0050 元大台灣50,2016-02-02,10.8188,10.837,10.7369,10.8006,4584,272135,-0.3359,1394000,82734,,,TSE
0050 元大台灣50,2016-02-03,10.7369,10.7824,10.6641,10.7278,6990,412038,-0.674,1390000,81941,,,TSE
0050 元大台灣50,2016-02-15,10.6096,10.7551,10.5732,10.7369,7221,424601,0.0848,1390000,82010,,,TSE
0050 元大台灣50,2016-02-16,10.7551,10.9826,10.7551,10.9644,17822,1067789,2.1186,1382500,83296,,,TSE
0050 元大台灣50,2016-02-17,10.9917,11.0099,10.9098,10.9098,12473,750453,-0.4979,1382500,82881,,,TSE
0050 元大台灣50,2016-02-18,11.0645,11.1282,11.0099,11.0827,16986,1034524,1.5847,1379500,84012,,,TSE
0050 元大台灣50,2016-02-19,11.0645,11.11,11.0281,11.0736,11352,690604,-0.0821,1379500,83943,,,TSE
0050 元大台灣50,2016-02-22,11.0736,11.2101,11.019,11.0645,11614,710868,-0.0822,1370000,83296,,,TSE
0050 元大台灣50,2016-02-23,11.1009,11.1282,11.0463,11.0736,4916,299142,0.0822,1360500,82786,,,TSE
0050 元大台灣50,2016-02-24,11.0645,11.1555,10.9553,10.9735,7764,471747,-0.9039,1355500,81737,,,TSE
0050 元大台灣50,2016-02-25,11.0281,11.1646,11.0099,11.1191,16933,1033960,1.3267,1346000,82241,,,TSE
0050 元大台灣50,2016-02-26,11.1646,11.2283,11.0827,11.1464,14513,888888,0.2455,1336500,81861,,,TSE
0050 元大台灣50,2016-03-01,11.1464,11.2738,11.1191,11.2556,17236,1063544,0.9796,1328500,82168,,,TSE
0050 元大台灣50,2016-03-02,11.3466,11.4194,11.3284,11.3466,22870,1429351,0.8084,1319000,82240,,,TSE
0050 元大台灣50,2016-03-03,11.3466,11.5195,11.3466,11.4558,32602,2049950,0.9623,1312500,82622,,,TSE
0050 元大台灣50,2016-03-04,11.4467,11.5195,11.4194,11.4831,24050,1516905,0.2383,1303500,82251,,,TSE
0050 元大台灣50,2016-03-07,11.5013,11.5923,11.4467,11.4831,21497,1360686,0.0,1303500,82251,,,TSE
0050 元大台灣50,2016-03-08,11.4649,11.4831,11.3739,11.474,13634,856574,-0.0792,1296000,81713,,,TSE
0050 元大台灣50,2016-03-09,11.474,11.4922,11.4012,11.4831,8097,509283,0.0793,1296000,81778,,,TSE
0050 元大台灣50,2016-03-10,11.474,11.5377,11.4376,11.5104,21352,1350247,0.2377,1296000,81972,,,TSE
0050 元大台灣50,2016-03-11,11.5013,11.6014,11.474,11.565,22682,1438882,0.4743,1288500,81884,,,TSE
0050 元大台灣50,2016-03-14,11.6468,11.6923,11.6377,11.6468,25831,1656759,0.7081,1288500,82464,,,TSE
0050 元大台灣50,2016-03-15,11.6468,11.665,11.4649,11.474,18905,1202923,-1.4844,1280500,80736,,,TSE
0050 元大台灣50,2016-03-16,11.5286,11.6014,11.5286,11.5741,36277,2306691,0.8723,1280500,81440,,,TSE
0050 元大台灣50,2016-03-17,11.7469,11.8106,11.6559,11.7014,20031,1293323,1.1006,1270500,81693,,,TSE
0050 元大台灣50,2016-03-18,11.7196,11.8015,11.7014,11.7742,31120,2012043,0.6221,1247500,80713,,,TSE
0050 元大台灣50,2016-03-21,11.8106,11.8379,11.6832,11.756,6056,391100,-0.1546,1247500,80589,,,TSE
0050 元大台灣50,2016-03-22,11.7105,11.7469,11.6196,11.7196,8180,524896,-0.3096,1224500,78858,,,TSE
0050 元大台灣50,2016-03-23,11.7196,11.8015,11.6923,11.7105,11996,773806,-0.0776,1224500,78797,,,TSE
0050 元大台灣50,2016-03-24,11.6923,11.7378,11.5923,11.7105,8530,547517,0.0,1209500,77831,,,TSE
0050 元大台灣50,2016-03-25,11.7378,11.7378,11.6377,11.6559,3814,244659,-0.4662,1209500,77468,,,TSE
0050 元大台灣50,2016-03-28,11.6559,11.7196,11.6105,11.665,7346,471125,0.0781,1186500,76055,,,TSE
0050 元大台灣50,2016-03-29,11.6468,11.7014,11.5559,11.5832,10741,685826,-0.702,1186500,75521,,,TSE
0050 元大台灣50,2016-03-30,11.6559,11.8106,11.6468,11.7742,29118,1881582,1.6496,1171500,75796,,,TSE
0050 元大台灣50,2016-03-31,11.847,11.9016,11.7287,11.7651,16046,1040188,-0.0773,1163500,75220,,,TSE
0050 元大台灣50,2016-04-01,11.6923,11.7105,11.5741,11.6286,4654,297564,-1.1601,1138500,72750,,,TSE
0050 元大台灣50,2016-04-06,11.5195,11.5195,11.3466,11.3557,8957,560162,-2.3474,1138500,71042,,,TSE
0050 元大台灣50,2016-04-07,11.3739,11.3739,11.2101,11.3102,20224,1253001,-0.4006,1135000,70540,,,TSE
0050 元大台灣50,2016-04-08,11.2465,11.4285,11.2465,11.4194,6752,421875,0.9654,1115000,69966,,,TSE
0050 元大台灣50,2016-04-11,11.3739,11.4831,11.3102,11.4649,5355,335884,0.3984,1115000,70245,,,TSE
0050 元大台灣50,2016-04-12,11.474,11.5559,11.4194,11.4558,2753,173786,-0.0794,1115000,70189,,,TSE
0050 元大台灣50,2016-04-13,11.5104,11.6832,11.5104,11.6559,11846,757327,1.7474,1115000,71416,,,TSE
0050 元大台灣50,2016-04-14,11.7196,11.756,11.665,11.6923,8125,522525,0.3123,1115000,71639,,,TSE
0050 元大台灣50,2016-04-15,11.6105,11.7014,11.565,11.6923,11673,749214,0.0,1115000,71639,,,TSE
0050 元大台灣50,2016-04-18,11.6559,11.6832,11.6196,11.6196,2145,137218,-0.6226,1115000,71193,,,TSE
0050 元大台灣50,2016-04-19,11.7014,11.7651,11.5559,11.5741,5841,374245,-0.3915,1115000,70914,,,TSE
0050 元大台灣50,2016-04-20,11.5559,11.665,11.383,11.4012,8981,565820,-1.4937,1111000,69604,,,TSE
0050 元大台灣50,2016-04-21,11.4467,11.4922,11.383,11.4558,3097,194853,0.4789,1111000,69937,,,TSE
0050 元大台灣50,2016-04-22,11.4558,11.5377,11.4285,11.5013,2685,169439,0.3971,1111000,70215,,,TSE
0050 元大台灣50,2016-04-25,11.5013,11.5286,11.4467,11.5104,2864,181072,0.0791,1111000,70271,,,TSE
0050 元大台灣50,2016-04-26,11.4831,11.6286,11.4831,11.5559,4894,311241,0.3953,1111000,70549,,,TSE
0050 元大台灣50,2016-04-27,11.5013,11.5741,11.4649,11.5377,2470,156496,-0.1575,1111000,70437,,,TSE
0050 元大台灣50,2016-04-28,11.5559,11.565,11.3102,11.3557,10321,645803,-1.5773,1111000,69326,,,TSE
0050 元大台灣50,2016-04-29,11.2556,11.2829,11.1646,11.2101,7266,447869,-1.2821,1111000,68438,,,TSE
0050 元大台灣50,2016-05-03,11.2101,11.2101,11.0463,11.0554,9711,591944,-1.3799,1111000,67493,,,TSE
0050 元大台灣50,2016-05-04,11.0554,11.0736,10.8825,10.9371,14504,873689,-1.07,1111000,66771,,,TSE
0050 元大台灣50,2016-05-05,10.9371,10.9644,10.8552,10.9553,14591,873837,0.1664,1121000,67484,,,TSE
0050 元大台灣50,2016-05-06,10.9189,10.9189,10.8188,10.8643,22004,1312341,-0.8306,1131000,67521,,,TSE
0050 元大台灣50,2016-05-09,10.9007,10.9189,10.8097,10.8643,14499,865314,0.0,1151500,68745,,,TSE
0050 元大台灣50,2016-05-10,10.8643,10.9553,10.8097,10.9189,13152,786853,0.5025,1151500,69090,,,TSE
0050 元大台灣50,2016-05-11,10.9553,10.9735,10.837,10.8916,19053,1140114,-0.25,1156500,69217,,,TSE
0050 元大台灣50,2016-05-12,10.8643,10.9189,10.8552,10.8825,13397,801007,-0.0835,1156500,69159,,,TSE
0050 元大台灣50,2016-05-13,10.837,10.837,10.7369,10.7642,29668,1756484,-1.087,1166500,68998,,,TSE
0050 元大台灣50,2016-05-16,10.7642,10.8643,10.7551,10.8461,6645,395168,0.7608,1178000,70209,,,TSE
0050 元大台灣50,2016-05-17,10.8552,10.9371,10.7824,10.928,12344,736147,0.755,1178000,70739,,,TSE
0050 元大台灣50,2016-05-18,10.8643,10.9189,10.7824,10.9098,8579,512035,-0.1665,1178000,70621,,,TSE
0050 元大台灣50,2016-05-19,10.9189,10.928,10.7915,10.8552,8050,479673,-0.5004,1181000,70447,,,TSE
0050 元大台灣50,2016-05-20,10.8916,10.9735,10.8461,10.9189,8126,487897,0.5868,1181000,70860,,,TSE
0050 元大台灣50,2016-05-23,10.9371,11.2829,10.8916,11.2829,21664,1324826,3.3333,1181000,73222,,,TSE
0050 元大台灣50,2016-05-24,11.2374,11.2556,11.1646,11.1646,6417,395104,-1.0484,1181000,72454,,,TSE
0050 元大台灣50,2016-05-25,11.2374,11.3284,11.2374,11.2829,25858,1604437,1.0595,1181000,73222,,,TSE
0050 元大台灣50,2016-05-26,11.292,11.3102,11.2465,11.3102,26044,1616085,0.2419,1181000,73399,,,TSE
0050 元大台灣50,2016-05-27,11.3557,11.4012,11.3193,11.3921,25759,1608299,0.7241,1181000,73931,,,TSE
0050 元大台灣50,2016-05-30,11.3921,11.5286,11.3739,11.4922,26912,1692323,0.8786,1181000,74580,,,TSE
0050 元大台灣50,2016-05-31,11.474,11.5286,11.4285,11.4922,8678,547637,0.0,1201500,75875,,,TSE
0050 元大台灣50,2016-06-01,11.4558,11.6196,11.4558,11.5923,25001,1589746,0.8709,1201500,76536,,,TSE
0050 元大台灣50,2016-06-02,11.5923,11.6559,11.5377,11.5923,13721,875256,0.0,1227000,78160,,,TSE
0050 元大台灣50,2016-06-03,11.5741,11.6468,11.5741,11.6196,11793,752785,0.2355,1237500,79014,,,TSE
0050 元大台灣50,2016-06-04,11.6014,11.6468,11.5923,11.6377,3201,204558,0.1566,1237500,79138,,,TSE
0050 元大台灣50,2016-06-06,11.6468,11.756,11.5832,11.6559,12991,833738,0.1564,1258000,80575,,,TSE
0050 元大台灣50,2016-06-07,11.7014,11.8197,11.7014,11.8106,30837,1994630,1.3271,1268500,82326,,,TSE
0050 元大台灣50,2016-06-08,11.8288,11.9289,11.8288,11.8743,26064,1703251,0.5393,1279000,83455,,,TSE
0050 元大台灣50,2016-06-13,11.7014,11.7287,11.5923,11.6014,9520,609293,-2.2989,1291500,82333,,,TSE
0050 元大台灣50,2016-06-14,11.5559,11.6832,11.5559,11.6741,6411,410427,0.6275,1305500,83748,,,TSE
0050 元大台灣50,2016-06-15,11.6741,11.7196,11.5741,11.6923,22583,1450755,0.1559,1321500,84906,,,TSE
0050 元大台灣50,2016-06-16,11.665,11.665,11.4649,11.5286,8999,571056,-1.4008,1339500,84857,,,TSE
0050 元大台灣50,2016-06-17,11.6196,11.7196,11.6196,11.6559,5808,372933,1.105,1339500,85795,,,TSE
0050 元大台灣50,2016-06-20,11.7378,11.7651,11.7105,11.7378,10307,664917,0.7026,1339500,86398,,,TSE
0050 元大台灣50,2016-06-21,11.7378,11.8197,11.7287,11.7833,18113,1172739,0.3876,1232500,79804,,,TSE
0050 元大台灣50,2016-06-22,11.7833,11.8197,11.7469,11.8197,10556,684224,0.3089,1232500,80051,,,TSE
0050 元大台灣50,2016-06-23,11.7924,11.8015,11.7469,11.7924,32188,2084118,-0.2309,1232500,79866,,,TSE
0050 元大台灣50,2016-06-24,11.7833,11.8106,11.292,11.4831,31665,2008280,-2.6235,1232500,77771,,,TSE
0050 元大台灣50,2016-06-27,11.5013,11.6014,11.4649,11.6014,4931,313187,1.0301,1232500,78572,,,TSE
0050 元大台灣50,2016-06-28,11.4831,11.6559,11.474,11.6468,5345,340302,0.3922,1232500,78880,,,TSE
0050 元大台灣50,2016-06-29,11.6741,11.8288,11.6741,11.7742,9101,588313,1.0938,1232500,79743,,,TSE
0050 元大台灣50,2016-06-30,11.8561,11.9107,11.7651,11.9107,25345,1653395,1.1592,1232500,80667,,,TSE
0050 元大台灣50,2016-07-01,11.9835,12.0836,11.9471,12.0563,30668,2028998,1.2223,1232500,81653,,,TSE
0050 元大台灣50,2016-07-04,12.029,12.1473,12.0108,12.0654,9989,663821,0.0755,1232500,81715,,,TSE
0050 元大台灣50,2016-07-05,12.0472,12.0563,11.9835,12.029,5997,396552,-0.3017,1232500,81468,,,TSE
0050 元大台灣50,2016-07-06,11.938,11.938,11.7742,11.8106,8730,566691,-1.8154,1232500,79989,,,TSE
0050 元大台灣50,2016-07-07,11.9107,11.9653,11.8925,11.9562,6587,431861,1.2327,1232500,80975,,,TSE
0050 元大台灣50,2016-07-11,12.1382,12.2383,12.1382,12.1928,22208,1487829,1.9787,1233500,82645,,,TSE
0050 元大台灣50,2016-07-12,12.2201,12.302,12.2201,12.302,15397,1038392,0.8955,1233500,83385,,,TSE
0050 元大台灣50,2016-07-13,12.3475,12.3566,12.211,12.3111,9434,636854,0.074,1233000,83412,,,TSE
0050 元大台灣50,2016-07-14,12.2838,12.3475,12.2474,12.3202,10109,684176,0.0739,1231500,83373,,,TSE
0050 元大台灣50,2016-07-15,12.3384,12.4658,12.3384,12.4658,15543,1061294,1.1817,1227500,84084,,,TSE
0050 元大台灣50,2016-07-18,12.4567,12.5841,12.4567,12.5841,36847,2537886,0.9489,1189000,82219,,,TSE
0050 元大台灣50,2016-07-19,12.5932,12.6114,12.5204,12.6023,17045,1179010,0.1446,1161500,80434,,,TSE
0050 元大台灣50,2016-07-20,12.5568,12.6114,12.5204,12.5932,24718,1708767,-0.0722,1105000,76466,,,TSE
0050 元大台灣50,2016-07-21,12.6386,12.7205,12.6205,12.6568,9980,695900,0.5058,1063000,73932,,,TSE
0050 元大台灣50,2016-07-22,12.6568,12.6841,12.5932,12.6114,3265,226629,-0.3595,929000,64380,,,TSE
0050 元大台灣50,2016-07-25,12.6477,12.7296,12.4385,12.5568,11676,804812,-0.4329,884000,60996,,,TSE
0050 元大台灣50,2016-07-26,12.5568,12.6296,12.5295,12.6296,13212,913810,0.5797,725000,50315,,,TSE
0050 元大台灣50,2016-07-27,12.675,12.7296,12.6477,12.6841,11118,775555,0.4323,723000,50393,,,TSE
0050 元大台灣50,2016-07-28,12.7118,12.7579,12.6381,12.721,11452,790887,0.2869,753000,51995,,,TSE
0050 元大台灣50,2016-07-29,12.6842,12.7486,12.6289,12.6289,19390,1335212,-0.7241,788000,54017,,,TSE
0050 元大台灣50,2016-08-01,12.675,12.7947,12.675,12.7671,10407,720963,1.0941,822500,56999,,,TSE
0050 元大台灣50,2016-08-02,12.7579,12.7855,12.7302,12.7671,7116,492812,0.0,822500,56999,,,TSE
0050 元大台灣50,2016-08-03,12.6197,12.6934,12.5368,12.6657,13801,946584,-0.7937,822500,56547,,,TSE
0050 元大台灣50,2016-08-04,12.6842,12.7026,12.5921,12.6934,10674,733253,0.2182,822000,56636,,,TSE
0050 元大台灣50,2016-08-05,12.7302,12.85,12.6934,12.8223,12422,864171,1.016,822000,57211,,,TSE
0050 元大台灣50,2016-08-08,12.896,12.9421,12.8408,12.9052,7902,553043,0.6466,822000,57581,,,TSE
0050 元大台灣50,2016-08-09,12.896,12.9789,12.8868,12.9697,11568,812755,0.4996,822000,57869,,,TSE
0050 元大台灣50,2016-08-10,12.9513,13.0066,12.9052,13.0066,6497,457603,0.2841,822000,58033,,,TSE
0050 元大台灣50,2016-08-11,12.9329,12.9974,12.7947,12.8868,10903,764847,-0.9207,822000,57499,,,TSE
0050 元大台灣50,2016-08-12,12.9237,12.9881,12.9052,12.9329,5258,369627,0.3574,822000,57704,,,TSE
0050 元大台灣50,2016-08-15,12.9329,12.9881,12.8776,12.9605,4797,337198,0.2137,822000,57828,,,TSE
0050 元大台灣50,2016-08-16,12.9513,12.9881,12.8408,12.8868,4431,310743,-0.5686,822000,57499,,,TSE
0050 元大台灣50,2016-08-17,12.8776,12.9145,12.85,12.9052,8925,624761,0.143,822000,57581,,,TSE
0050 元大台灣50,2016-08-18,12.896,12.9237,12.8592,12.8776,3275,229222,-0.2141,822000,57458,,,TSE
0050 元大台灣50,2016-08-19,12.8776,12.9789,12.7486,12.7486,8299,577768,-1.0014,822500,56917,,,TSE
0050 元大台灣50,2016-08-22,12.7118,12.7394,12.6105,12.6565,7083,486606,-0.7225,822500,56506,,,TSE
0050 元大台灣50,2016-08-23,12.6934,12.8223,12.6934,12.7855,7084,491063,1.0189,822500,57082,,,TSE
0050 元大台灣50,2016-08-24,12.7763,12.8131,12.7486,12.7486,5071,351620,-0.2882,822500,56917,,,TSE
0050 元大台灣50,2016-08-25,12.7671,12.9237,12.7671,12.896,8022,560917,1.1561,822500,57575,,,TSE
0050 元大台灣50,2016-08-26,12.8868,12.9513,12.8592,12.9145,2991,209743,0.1429,822500,57657,,,TSE
0050 元大台灣50,2016-08-29,12.8776,12.9237,12.7486,12.9052,3554,247992,-0.0713,822500,57616,,,TSE
0050 元大台灣50,2016-08-30,12.896,12.9421,12.8592,12.896,3791,265330,-0.0714,840500,58835,,,TSE
0050 元大台灣50,2016-08-31,12.8684,12.9052,12.7671,12.7855,5206,362946,-0.8571,840500,58331,,,TSE
0050 元大台灣50,2016-09-01,12.7671,12.7671,12.6381,12.721,5965,411120,-0.5043,840500,58037,,,TSE
0050 元大台灣50,2016-09-02,12.7302,12.7671,12.675,12.7394,2615,180788,0.1448,830500,57429,,,TSE
0050 元大台灣50,2016-09-05,12.8592,12.9513,12.8592,12.9513,8523,597721,1.6631,820500,57681,,,TSE
0050 元大台灣50,2016-09-06,12.9421,13.0618,12.9421,13.0526,7342,518714,0.7824,813000,57601,,,TSE
0050 元大台灣50,2016-09-07,13.071,13.2461,13.071,13.2369,9686,693084,1.4114,798000,57336,,,TSE
0050 元大台灣50,2016-09-08,13.2276,13.2276,13.154,13.1908,4674,334565,-0.3479,783000,56063,,,TSE
0050 元大台灣50,2016-09-09,13.0618,13.0618,12.9605,12.9697,5230,368985,-1.676,783000,55123,,,TSE
0050 元大台灣50,2016-09-10,12.7394,12.8223,12.7118,12.7855,8825,612259,-1.4205,776500,53889,,,TSE
0050 元大台灣50,2016-09-12,12.7763,12.7763,12.6565,12.6842,7236,498384,-0.7925,761500,52429,,,TSE
0050 元大台灣50,2016-09-13,12.7302,12.7486,12.5644,12.6842,7123,490199,0.0,761500,52429,,,TSE
0050 元大台灣50,2016-09-14,12.6197,12.721,12.6105,12.6105,5624,386564,-0.581,761500,52125,,,TSE
0050 元大台灣50,2016-09-19,12.7855,13.0803,12.7855,13.0803,9887,695261,3.7253,761500,54067,,,TSE
0050 元大台灣50,2016-09-20,13.0618,13.0803,13.0066,13.0618,2795,197878,-0.1408,761500,53990,,,TSE
0050 元大台灣50,2016-09-21,13.0342,13.1447,12.9974,13.1263,12156,864927,0.4937,761500,54257,,,TSE
0050 元大台灣50,2016-09-22,13.2461,13.2645,13.1263,13.154,4929,352530,0.2105,761500,54371,,,TSE
0050 元大台灣50,2016-09-23,13.1724,13.2461,13.154,13.2461,4215,302470,0.7003,760500,54680,,,TSE
0050 元大台灣50,2016-09-26,13.1724,13.1724,13.0803,13.0803,3736,265907,-1.2517,760500,53996,,,TSE
0050 元大台灣50,2016-09-29,13.2369,13.2921,13.154,13.2461,9624,691781,1.2676,675500,48568,,,TSE
0050 元大台灣50,2016-09-30,13.1079,13.1447,13.0434,13.071,5843,415283,-1.3213,663000,47040,,,TSE
0050 元大台灣50,2016-10-03,13.1171,13.1908,13.0987,13.1632,3888,277328,0.7047,663000,47371,,,TSE
0050 元大台灣50,2016-10-04,13.1632,13.2184,13.1355,13.2184,5169,370215,0.4199,663000,47570,,,TSE
0050 元大台灣50,2016-10-05,13.1908,13.2369,13.1632,13.1724,2838,203317,-0.3484,663000,47405,,,TSE
0050 元大台灣50,2016-10-06,13.2092,13.2184,13.1632,13.2092,2071,148366,0.2797,663000,47537,,,TSE
0050 元大台灣50,2016-10-07,13.1908,13.2276,13.1908,13.2,3053,218908,-0.0697,663000,47504,,,TSE
0050 元大台灣50,2016-10-11,13.329,13.3474,13.1171,13.1632,6945,499048,-0.2791,663000,47371,,,TSE
0050 元大台灣50,2016-10-12,13.1724,13.3198,13.1447,13.3105,6057,435873,1.1197,663000,47902,,,TSE
0050 元大台灣50,2016-10-13,13.3013,13.3198,13.1632,13.2092,5454,391910,-0.7612,663000,47537,,,TSE
0050 元大台灣50,2016-10-14,13.1355,13.2461,13.1355,13.1632,3633,259915,-0.3487,663000,47371,,,TSE
0050 元大台灣50,2016-10-17,13.1632,13.1908,13.0066,13.1632,4422,314011,0.0,663000,47371,,,TSE
0050 元大台灣50,2016-10-18,13.1724,13.2553,13.1355,13.2553,3619,259443,0.6998,661000,47559,,,TSE
0050 元大台灣50,2016-10-19,13.2645,13.375,13.2645,13.329,21575,1563479,0.5559,661500,47860,,,TSE
0050 元大台灣50,2016-10-20,13.329,13.4027,13.329,13.3842,4836,351124,0.4147,639500,46460,,,TSE
0050 元大台灣50,2016-10-21,13.3842,13.4579,13.3658,13.375,4234,308183,-0.0688,629500,45702,,,TSE
0050 元大台灣50,2016-10-24,13.4211,13.4395,13.375,13.3934,3265,237613,0.1377,629500,45765,,,TSE
0050 元大台灣50,2016-10-25,13.4211,13.5408,13.4211,13.5224,3715,271850,0.9629,619000,45435,,,TSE
0050 元大台灣50,2016-10-26,13.4487,13.4764,13.4303,13.4487,2868,209503,-0.545,591500,43180,,,TSE
0050 元大台灣50,2016-10-27,13.4487,13.4764,13.3382,13.375,3170,230465,-0.5479,591500,42943,,,TSE
0050 元大台灣50,2016-10-28,13.375,13.4027,13.3474,13.375,4275,310172,0.0,591500,42943,,,TSE
0050 元大台灣50,2016-10-31,13.3105,13.3934,13.2092,13.375,5464,394236,0.0,591500,42943,,,TSE
0050 元大台灣50,2016-11-01,13.3105,13.375,13.2829,13.375,2024,146646,0.0,591500,42943,,,TSE
0050 元大台灣50,2016-11-02,13.2553,13.2645,13.1908,13.2184,5502,394615,-1.1708,591500,42440,,,TSE
0050 元大台灣50,2016-11-03,13.1632,13.1908,13.0987,13.1171,4554,324765,-0.7666,591500,42115,,,TSE
0050 元大台灣50,2016-11-04,13.0803,13.1171,13.0526,13.0803,4346,308626,-0.2809,591500,41997,,,TSE
0050 元大台灣50,2016-11-07,13.2276,13.2645,13.1632,13.2645,3235,232393,1.4085,591500,42588,,,TSE
0050 元大台灣50,2016-11-08,13.2921,13.3382,13.2645,13.329,2694,194530,0.4861,591500,42795,,,TSE
0050 元大台灣50,2016-11-09,13.4211,13.4579,12.896,12.896,19936,1410922,-3.2481,591500,41405,,,TSE
0050 元大台灣50,2016-11-10,13.2276,13.2829,13.2184,13.2645,6699,481884,2.8571,591500,42588,,,TSE
0050 元大台灣50,2016-11-11,12.9605,13.025,12.8868,12.9052,8375,588020,-2.7083,591500,41435,,,TSE
0050 元大台灣50,2016-11-14,12.8868,12.9513,12.7947,12.9145,7117,496754,0.0714,591500,41464,,,TSE
0050 元大台灣50,2016-11-15,12.8592,12.9145,12.85,12.8776,4015,280809,-0.2853,609000,42569,,,TSE
0050 元大台灣50,2016-11-16,12.9329,12.9881,12.8868,12.896,24749,1739238,0.1431,609500,42665,,,TSE
0050 元大台灣50,2016-11-17,12.896,12.9329,12.85,12.9329,3313,232129,0.2857,609500,42787,,,TSE
0050 元大台灣50,2016-11-18,12.9145,12.9697,12.8776,12.9697,2119,148731,0.2849,609500,42909,,,TSE
0050 元大台灣50,2016-11-21,12.9513,12.9881,12.9145,12.9881,2649,186524,0.142,609500,42970,,,TSE
0050 元大台灣50,2016-11-22,13.0342,13.2,13.0342,13.1632,5293,377011,1.3475,609500,43549,,,TSE
0050 元大台灣50,2016-11-23,13.1724,13.2461,13.1632,13.2276,1907,136841,0.4899,609500,43762,,,TSE
0050 元大台灣50,2016-11-24,13.1908,13.1908,13.1171,13.154,2303,164354,-0.5571,609500,43518,,,TSE
0050 元大台灣50,2016-11-25,13.1447,13.2,13.1263,13.1447,2649,189253,-0.07,609500,43488,,,TSE
0050 元大台灣50,2016-11-28,13.1447,13.2645,13.1447,13.2184,2646,189938,0.5606,609500,43732,,,TSE
0050 元大台灣50,2016-11-29,13.2461,13.2645,13.2,13.2,1417,101829,-0.1394,609500,43671,,,TSE
0050 元大台灣50,2016-11-30,13.2092,13.2461,13.1724,13.2092,1918,137591,0.0698,609500,43701,,,TSE
0050 元大台灣50,2016-12-01,13.1908,13.2829,13.1908,13.2645,1955,140730,0.4184,609500,43884,,,TSE
0050 元大台灣50,2016-12-02,13.1171,13.1171,13.0618,13.1171,3307,235128,-1.1111,609500,43396,,,TSE
0050 元大台灣50,2016-12-05,13.1171,13.1171,13.0434,13.0987,1388,98576,-0.1404,609500,43335,,,TSE
0050 元大台灣50,2016-12-06,13.2276,13.3013,13.2184,13.2645,2435,175403,1.2658,609500,43884,,,TSE
0050 元大台灣50,2016-12-07,13.3013,13.329,13.2461,13.2645,1467,105807,0.0,609500,43884,,,TSE
0050 元大台灣50,2016-12-08,13.3198,13.4487,13.3198,13.4303,6085,442984,1.25,609500,44433,,,TSE
0050 元大台灣50,2016-12-09,13.4579,13.4856,13.4395,13.4764,5418,395994,0.3429,609500,44585,,,TSE
0050 元大台灣50,2016-12-12,13.504,13.55,13.4027,13.4211,3208,234598,-0.4101,609500,44402,,,TSE
0050 元大台灣50,2016-12-13,13.4211,13.4487,13.3842,13.4395,2548,185727,0.1373,609500,44463,,,TSE
0050 元大台灣50,2016-12-14,13.4856,13.504,13.4303,13.4671,2827,206668,0.2056,609500,44554,,,TSE
0050 元大台灣50,2016-12-15,13.3658,13.4487,13.3382,13.4487,3017,219455,-0.1368,609500,44494,,,TSE
0050 元大台灣50,2016-12-16,13.4119,13.4119,13.3198,13.3198,2148,155907,-0.9589,609500,44067,,,TSE
0050 元大台灣50,2016-12-19,13.3105,13.3198,13.2369,13.2369,2680,193048,-0.6224,594500,42715,,,TSE
0050 元大台灣50,2016-12-20,13.2553,13.2553,13.1816,13.2184,2029,145668,-0.1392,594500,42655,,,TSE
0050 元大台灣50,2016-12-21,13.2184,13.2369,13.1724,13.2092,9321,668442,-0.0697,594500,42626,,,TSE
0050 元大台灣50,2016-12-22,13.1816,13.1816,13.0434,13.0434,4971,352951,-1.2552,594500,42091,,,TSE
0050 元大台灣50,2016-12-23,13.0066,13.0526,12.9605,12.9974,5125,361673,-0.3531,594500,41942,,,TSE
0050 元大台灣50,2016-12-26,13.0158,13.0434,12.9974,13.0434,2104,148795,0.3544,594500,42091,,,TSE
0050 元大台灣50,2016-12-27,13.0434,13.0618,13.0158,13.0342,2494,176416,-0.0706,594500,42061,,,TSE
0050 元大台灣50,2016-12-28,13.0526,13.1908,13.0526,13.1908,3686,263088,1.2014,594500,42566,,,TSE
0050 元大台灣50,2016-12-29,13.1632,13.1632,13.1171,13.1263,1911,136351,-0.4888,594500,42358,,,TSE
0050 元大台灣50,2016-12-30,13.2,13.2645,13.1816,13.2276,2726,195669,0.7719,594500,42685,,,TSE
0050 元大台灣50,2017-01-03,13.2092,13.2461,13.1724,13.2461,2331,167301,0.1393,594500,42745,,,TSE
0050 元大台灣50,2017-01-04,13.2645,13.2829,13.2184,13.2369,4284,308177,-0.0695,594500,42715,,,TSE
0050 元大台灣50,2017-01-05,13.2369,13.3566,13.2276,13.3566,4573,330422,0.9047,594500,43101,,,TSE
0050 元大台灣50,2017-01-06,13.3474,13.4027,13.3474,13.3842,3752,272387,0.2069,594500,43190,,,TSE
0050 元大台灣50,2017-01-09,13.4027,13.4395,13.3198,13.3474,5038,366344,-0.2753,594500,43072,,,TSE
0050 元大台灣50,2017-01-10,13.3474,13.375,13.3382,13.3382,1857,134624,-0.069,594500,43042,,,TSE
0050 元大台灣50,2017-01-11,13.4119,13.4211,13.3382,13.3382,1898,137621,0.0,594500,43042,,,TSE
0050 元大台灣50,2017-01-12,13.375,13.504,13.375,13.4764,4857,354847,1.0359,594500,43488,,,TSE
0050 元大台灣50,2017-01-13,13.4119,13.4119,13.375,13.375,3909,284091,-0.7519,594500,43161,,,TSE
0050 元大台灣50,2017-01-16,13.3382,13.3382,13.2276,13.2645,2418,174145,-0.8264,594500,42804,,,TSE
0050 元大台灣50,2017-01-17,13.2645,13.3382,13.2645,13.3198,1572,113686,0.4167,594500,42982,,,TSE
0050 元大台灣50,2017-01-18,13.3013,13.3013,13.2737,13.2921,3837,276891,-0.2075,593000,42785,,,TSE
0050 元大台灣50,2017-01-19,13.2369,13.2829,13.1908,13.2553,4065,292416,-0.2772,593000,42666,,,TSE
0050 元大台灣50,2017-01-20,13.2553,13.3105,13.2553,13.2921,2422,174730,0.278,593000,42785,,,TSE
0050 元大台灣50,2017-01-23,13.3658,13.4487,13.3658,13.4027,5965,434672,0.8316,593000,43141,,,TSE
0050 元大台灣50,2017-01-24,13.4487,13.504,13.4303,13.504,4575,334830,0.756,593000,43467,,,TSE
0050 元大台灣50,2017-02-02,13.5408,13.5685,13.4027,13.4303,6999,511783,-0.5457,573500,41808,,,TSE
0050 元大台灣50,2017-02-03,13.4395,13.4764,13.3842,13.4211,2809,204726,-0.0686,573500,41779,,,TSE
0050 元大台灣50,2017-02-06,13.4487,13.5224,13.4395,13.4948,2947,215765,0.5491,573500,42009,,,TSE
0050 元大台灣50,2017-02-07,13.4671,13.5316,13.4671,13.504,4305,315681,0.0683,565500,41451,,,TSE
0050 元大台灣50,2017-02-08,13.5606,13.5606,13.4568,13.5323,4433,317740,0.2046,565500,40575,,,TSE
0050 元大台灣50,2017-02-09,13.5323,13.6171,13.5134,13.5794,3548,255343,0.3484,565500,40716,,,TSE
0050 元大台灣50,2017-02-10,13.5983,13.7586,13.5983,13.7303,4869,353758,1.1111,565500,41168,,,TSE
0050 元大台灣50,2017-02-13,13.7303,13.7869,13.7303,13.7586,3330,243215,0.206,565500,41253,,,TSE
0050 元大台灣50,2017-02-14,13.8435,13.8623,13.7869,13.8057,6071,445062,0.3427,565500,41395,,,TSE
0050 元大台灣50,2017-02-15,13.8246,13.9378,13.8057,13.9378,9407,692431,0.9563,565500,41790,,,TSE
0050 元大台灣50,2017-02-16,13.9566,13.9943,13.834,13.8529,5466,402438,-0.6089,565500,41536,,,TSE
0050 元大台灣50,2017-02-17,13.8906,13.9,13.834,13.834,5192,381393,-0.1361,565500,41479,,,TSE
0050 元大台灣50,2017-02-18,13.8246,13.8718,13.8057,13.8623,3227,237095,0.2045,565500,41564,,,TSE
0050 元大台灣50,2017-02-20,13.8718,13.8906,13.7869,13.7869,2802,205434,-0.5442,565500,41338,,,TSE
0050 元大台灣50,2017-02-21,13.8057,13.8435,13.7774,13.8152,3337,244318,0.2052,565500,41423,,,TSE
0050 元大台灣50,2017-02-22,13.8812,13.9,13.7963,13.8246,2938,215548,0.0683,565500,41451,,,TSE
0050 元大台灣50,2017-02-23,13.8152,13.8718,13.7869,13.7869,2332,170965,-0.2729,565500,41338,,,TSE
0050 元大台灣50,2017-02-24,13.7774,13.8246,13.7397,13.7963,1844,134857,0.0684,565500,41366,,,TSE
0050 元大台灣50,2017-03-01,13.7869,13.7869,13.6454,13.6454,3107,225726,-1.0936,565500,40914,,,TSE
0050 元大台灣50,2017-03-02,13.7586,13.8152,13.6266,13.6831,7057,512240,0.2764,565500,41027,,,TSE
0050 元大台灣50,2017-03-03,13.636,13.6454,13.5794,13.5983,4410,318135,-0.6203,565500,40773,,,TSE
0050 元大台灣50,2017-03-06,13.5888,13.6266,13.5794,13.6077,2177,157105,0.0693,565500,40801,,,TSE
0050 元大台灣50,2017-03-07,13.6266,13.6926,13.6266,13.6643,2027,146868,0.4158,565500,40970,,,TSE
0050 元大台灣50,2017-03-08,13.702,13.7397,13.6643,13.7397,2182,158530,0.5521,565500,41197,,,TSE
0050 元大台灣50,2017-03-09,13.6926,13.6926,13.57,13.5888,3381,243825,-1.0981,565500,40744,,,TSE
0050 元大台灣50,2017-03-10,13.57,13.5888,13.4945,13.5794,5423,389031,-0.0694,565500,40716,,,TSE
0050 元大台灣50,2017-03-13,13.6077,13.6737,13.6077,13.6737,2515,182074,0.6944,565500,40999,,,TSE
0050 元大台灣50,2017-03-14,13.6926,13.7869,13.6926,13.768,3948,287952,0.6897,565500,41282,,,TSE
0050 元大台灣50,2017-03-15,13.7303,13.768,13.6926,13.7397,3490,254234,-0.2055,565500,41197,,,TSE
0050 元大台灣50,2017-03-16,13.8246,13.9283,13.8246,13.9189,7545,555972,1.304,565500,41734,,,TSE
0050 元大台灣50,2017-03-17,13.9283,13.9755,13.9095,13.9566,5265,389526,0.271,565500,41847,,,TSE
0050 元大台灣50,2017-03-20,13.9472,13.9849,13.9283,13.9472,5073,375539,-0.0676,565500,41819,,,TSE
0050 元大台灣50,2017-03-21,14.0132,14.1264,14.0132,14.1264,8511,634988,1.2847,565500,42356,,,TSE
0050 元大台灣50,2017-03-22,14.0038,14.0038,13.9566,13.9943,4939,366163,-0.9346,565500,41960,,,TSE
0050 元大台灣50,2017-03-23,14.0698,14.0792,13.9849,14.0226,4105,305444,0.2022,565500,42045,,,TSE
0050 元大台灣50,2017-03-24,14.0226,14.0321,13.9755,14.0038,3308,245456,-0.1345,565500,41988,,,TSE
0050 元大台灣50,2017-03-27,13.9566,14.0321,13.9283,13.9943,2474,183601,-0.0673,565500,41960,,,TSE
0050 元大台灣50,2017-03-28,14.0604,14.0698,13.9472,14.0038,5565,413437,0.0674,565500,41988,,,TSE
0050 元大台灣50,2017-03-29,14.0415,14.0509,13.9566,13.9566,2464,182878,-0.3367,565500,41847,,,TSE
0050 元大台灣50,2017-03-30,13.9566,14.0038,13.9378,13.9378,2181,161500,-0.1351,565500,41790,,,TSE
0050 元大台灣50,2017-03-31,13.9472,13.9755,13.9,13.9,2008,148377,-0.2706,565500,41677,,,TSE
0050 元大台灣50,2017-04-05,13.9472,14.1075,13.9472,14.0792,3594,267911,1.289,565500,42215,,,TSE
0050 元大台灣50,2017-04-06,14.1075,14.1075,14.0132,14.0321,2811,209240,-0.3349,565500,42073,,,TSE
0050 元大台灣50,2017-04-07,14.0132,14.0132,13.8435,13.9755,1889,139505,-0.4032,565500,41904,,,TSE
0050 元大台灣50,2017-04-10,13.9755,14.0038,13.9566,13.9943,1060,78625,0.135,565500,41960,,,TSE
0050 元大台灣50,2017-04-11,13.9755,14.0321,13.9095,13.9378,1266,93779,-0.4043,565500,41790,,,TSE
0050 元大台灣50,2017-04-12,13.9378,13.9755,13.8906,13.9661,1940,143460,0.203,565500,41875,,,TSE
0050 元大台灣50,2017-04-13,13.9378,14.0415,13.9378,14.0321,6004,446309,0.4727,565500,42073,,,TSE
0050 元大台灣50,2017-04-14,13.9378,13.9378,13.8623,13.8718,2674,196994,-1.1425,565500,41593,,,TSE
0050 元大台灣50,2017-04-17,13.8718,13.9189,13.834,13.8812,5339,393147,0.068,565500,41621,,,TSE
0050 元大台灣50,2017-04-18,13.9283,13.9566,13.8623,13.8812,4099,302371,0.0,565500,41621,,,TSE
0050 元大台灣50,2017-04-19,13.7869,13.8152,13.702,13.7303,9185,669532,-1.087,568000,41350,,,TSE
0050 元大台灣50,2017-04-20,13.6831,13.7492,13.6737,13.7303,3142,228422,0.0,568000,41350,,,TSE
0050 元大台灣50,2017-04-21,13.8152,13.8623,13.7869,13.8623,3247,238184,0.9615,568000,41748,,,TSE
0050 元大台灣50,2017-04-24,13.9378,13.9472,13.8529,13.8906,4309,317407,0.2041,568000,41833,,,TSE
0050 元大台灣50,2017-04-25,13.9283,14.0321,13.9,14.0226,5698,422598,0.9504,567500,42194,,,TSE
0050 元大台灣50,2017-04-26,14.0886,14.0886,14.0321,14.0604,4117,307089,0.269,567500,42307,,,TSE
0050 元大台灣50,2017-04-27,14.0226,14.0509,13.9849,14.0509,3685,273944,-0.0671,567500,42279,,,TSE
0050 元大台灣50,2017-04-28,14.0509,14.0698,14.0132,14.0604,4423,329448,0.0671,567500,42307,,,TSE
0050 元大台灣50,2017-05-02,14.1452,14.2207,14.1452,14.1829,15728,1183549,0.8719,567500,42676,,,TSE
0050 元大台灣50,2017-05-03,14.2018,14.2678,14.2018,14.249,4711,355729,0.4654,567500,42875,,,TSE
0050 元大台灣50,2017-05-04,14.249,14.2678,14.2112,14.2678,3996,301811,0.1324,567500,42931,,,TSE
0050 元大台灣50,2017-05-05,14.2301,14.2301,14.1641,14.1735,5287,397880,-0.6609,567500,42648,,,TSE
0050 元大台灣50,2017-05-08,14.249,14.2772,14.1924,14.2772,4083,308091,0.7319,567500,42960,,,TSE
0050 元大台灣50,2017-05-09,14.2772,14.4281,14.2772,14.3244,4190,319313,0.3303,567500,43102,,,TSE
0050 元大台灣50,2017-05-10,14.3621,14.3998,14.3338,14.381,1763,134244,0.395,567500,43272,,,TSE
0050 元大台灣50,2017-05-11,14.3527,14.4281,14.3338,14.4281,2018,154148,0.3279,567500,43414,,,TSE
0050 元大台灣50,2017-05-12,14.381,14.4281,14.3621,14.3904,2810,214492,-0.2614,567500,43300,,,TSE
0050 元大台灣50,2017-05-15,14.3904,14.4376,14.3715,14.4281,1285,98284,0.2621,567500,43414,,,TSE
0050 元大台灣50,2017-05-16,14.4281,14.447,14.381,14.4281,1598,122092,0.0,567500,43414,,,TSE
0050 元大台灣50,2017-05-17,14.3904,14.4093,14.3433,14.3904,1331,101438,-0.2614,566500,43224,,,TSE
0050 元大台灣50,2017-05-18,14.2678,14.315,14.2018,14.315,4271,323392,-0.5242,566500,42997,,,TSE
0050 元大台灣50,2017-05-19,14.2678,14.315,14.2678,14.3055,1162,88166,-0.0659,566500,42969,,,TSE
0050 元大台灣50,2017-05-22,14.3244,14.3621,14.2867,14.3433,2576,195790,0.2637,566500,43082,,,TSE
0050 元大台灣50,2017-05-23,14.3433,14.4187,14.3338,14.3998,3844,292887,0.3945,566500,43252,,,TSE
0050 元大台灣50,2017-05-24,14.3998,14.4187,14.381,14.3904,2886,220350,-0.0655,566500,43224,,,TSE
0050 元大台灣50,2017-05-25,14.4659,14.5224,14.4187,14.5224,4681,360095,0.9174,566500,43621,,,TSE
0050 元大台灣50,2017-05-26,14.5224,14.5507,14.4753,14.513,4018,308975,-0.0649,566500,43592,,,TSE
0050 元大台灣50,2017-05-31,14.513,14.6167,14.4093,14.4281,2701,207172,-0.5848,566500,43337,,,TSE
0050 元大台灣50,2017-06-01,14.4281,14.5036,14.4281,14.5036,2221,170334,0.5229,566500,43564,,,TSE
0050 元大台灣50,2017-06-02,14.579,14.579,14.5319,14.5602,3540,273287,0.3901,566500,43734,,,TSE
0050 元大台灣50,2017-06-03,14.5696,14.5979,14.5696,14.5979,2052,158709,0.2591,566500,43847,,,TSE
0050 元大台灣50,2017-06-05,14.5884,14.711,14.5696,14.711,3281,254540,0.7752,566500,44187,,,TSE
0050 元大台灣50,2017-06-06,14.7016,14.7016,14.6545,14.7016,1203,93684,-0.0641,566500,44159,,,TSE
0050 元大台灣50,2017-06-07,14.6922,14.7299,14.6545,14.7016,1844,143852,0.0,566500,44159,,,TSE
0050 元大台灣50,2017-06-08,14.7016,14.7582,14.6733,14.7582,1886,147421,0.3849,566500,44329,,,TSE
0050 元大台灣50,2017-06-09,14.7205,14.777,14.7016,14.711,3010,235254,-0.3195,577500,45045,,,TSE
0050 元大台灣50,2017-06-12,14.5507,14.6167,14.5319,14.5507,3300,254991,-1.0897,627000,48373,,,TSE
0050 元大台灣50,2017-06-13,14.5507,14.579,14.5224,14.5696,1615,124661,0.1296,688500,53187,,,TSE
0050 元大台灣50,2017-06-14,14.5979,14.5979,14.4281,14.4941,3380,259920,-0.5178,760500,58444,,,TSE
0050 元大台灣50,2017-06-15,14.4847,14.5036,14.447,14.5036,1507,115742,0.0651,818000,62904,,,TSE
0050 元大台灣50,2017-06-16,14.5036,14.6545,14.4941,14.6545,4233,327234,1.0403,818000,63559,,,TSE
0050 元大台灣50,2017-06-19,14.6545,14.8148,14.6545,14.8148,5144,403115,1.094,827000,64961,,,TSE
0050 元大台灣50,2017-06-20,14.8242,15.0222,14.8242,14.9845,4046,320905,1.1458,839500,66698,,,TSE
0050 元大台灣50,2017-06-21,14.9374,15.0694,14.8713,15.0034,13612,1084759,0.1259,840000,66822,,,TSE
0050 元大台灣50,2017-06-22,15.0128,15.0599,15.0034,15.0411,6112,487656,0.2514,677000,53991,,,TSE
0050 元大台灣50,2017-06-23,15.0411,15.0977,15.0222,15.0317,8517,679313,-0.0627,728000,58022,,,TSE
0050 元大台灣50,2017-06-26,15.0505,15.3711,15.0505,15.3523,14254,1152368,2.133,728000,59259,,,TSE
0050 元大台灣50,2017-06-27,15.3523,15.3711,15.2768,15.3334,3026,245706,-0.1229,728000,59186,,,TSE
0050 元大台灣50,2017-06-28,15.258,15.2863,15.1448,15.192,6286,506227,-0.9225,728000,58640,,,TSE
0050 元大台灣50,2017-06-29,15.2768,15.2863,15.1825,15.2108,1427,115380,0.1241,728000,58713,,,TSE
0050 元大台灣50,2017-06-30,15.1071,15.1637,15.0505,15.1637,3070,245991,-0.31,728000,58531,,,TSE
0050 元大台灣50,2017-07-03,15.1637,15.2014,15.126,15.1731,1551,124698,0.0622,728000,58568,,,TSE
0050 元大台灣50,2017-07-04,15.1731,15.2014,15.0882,15.0882,1237,99372,-0.5594,728000,58240,,,TSE
0050 元大台灣50,2017-07-05,15.1071,15.2297,15.0411,15.2297,2274,182530,0.9375,728000,58786,,,TSE
0050 元大台灣50,2017-07-06,15.2297,15.2297,15.126,15.1637,2492,200268,-0.4334,728000,58531,,,TSE
0050 元大台灣50,2017-07-07,15.1354,15.1354,15.0505,15.0788,3569,285400,-0.5597,728000,58204,,,TSE
0050 元大台灣50,2017-07-10,15.0882,15.1731,15.0882,15.1543,3549,284770,0.5003,728000,58495,,,TSE
0050 元大台灣50,2017-07-11,15.2203,15.3806,15.192,15.3806,4138,336245,1.4935,728000,59368,,,TSE
0050 元大台灣50,2017-07-12,15.3711,15.4277,15.3334,15.3806,3948,322132,0.0,728000,59368,,,TSE
0050 元大台灣50,2017-07-13,15.456,15.5409,15.4183,15.5032,3992,328058,0.7971,728000,59842,,,TSE
0050 元大台灣50,2017-07-14,15.4654,15.4937,15.4277,15.4749,2281,187062,-0.1825,728000,59732,,,TSE
0050 元大台灣50,2017-07-17,15.5597,15.5692,15.4654,15.5032,2687,221106,0.1828,728000,59842,,,TSE
0050 元大台灣50,2017-07-18,15.5032,15.5409,15.4372,15.5409,3277,269432,0.2433,728000,59987,,,TSE
0050 元大台灣50,2017-07-19,15.5315,15.654,15.5315,15.5975,7267,601075,0.3641,728000,60206,,,TSE
0050 元大台灣50,2017-07-20,15.6258,15.6352,15.5692,15.588,2020,167118,-0.0605,728000,60169,,,TSE
0050 元大台灣50,2017-07-21,15.5786,15.5786,15.4749,15.4843,4465,367035,-0.6655,728000,59769,,,TSE
0050 元大台灣50,2017-07-24,15.456,15.522,15.4183,15.522,2364,194054,0.2436,714000,58762,,,TSE
0050 元大台灣50,2017-07-25,15.522,15.5597,15.4843,15.5503,2126,175014,0.1823,682500,56272,,,TSE
0050 元大台灣50,2017-07-26,15.5692,15.6069,15.4749,15.4937,2357,194141,-0.3639,602500,49495,,,TSE
0050 元大台灣50,2017-07-27,15.5032,15.654,15.5032,15.654,2213,183279,1.0347,560500,46522,,,TSE
0050 元大台灣50,2017-07-28,15.5409,15.5503,15.456,15.4843,4401,361925,-1.0843,560500,46017,,,TSE
0050 元大台灣50,2017-07-31,15.4938,15.5033,15.4177,15.4748,2806,228312,-0.0609,560500,45597,,,TSE
0050 元大台灣50,2017-08-01,15.627,15.627,15.5128,15.5604,2642,216364,0.5532,560500,45849,,,TSE
0050 元大台灣50,2017-08-02,15.5984,15.7221,15.5984,15.6936,5045,415944,0.8557,560500,46241,,,TSE
0050 元大台灣50,2017-08-03,15.5699,15.665,15.5414,15.6365,4029,330913,-0.3636,560500,46073,,,TSE
0050 元大台灣50,2017-08-04,15.627,15.665,15.608,15.665,1143,94089,0.1825,560500,46157,,,TSE
0050 元大台灣50,2017-08-07,15.6841,15.7887,15.6841,15.7792,4108,340304,0.7286,560500,46493,,,TSE
0050 元大台灣50,2017-08-08,15.7982,15.8362,15.7031,15.7697,2985,247502,-0.0603,560500,46465,,,TSE
0050 元大台灣50,2017-08-09,15.7031,15.7126,15.608,15.627,3122,256746,-0.9047,560500,46045,,,TSE
0050 元大台灣50,2017-08-10,15.665,15.6841,15.4748,15.5224,3168,258728,-0.6695,560500,45737,,,TSE
0050 元大台灣50,2017-08-11,15.3797,15.4748,15.3607,15.4558,2747,222731,-0.4289,560500,45541,,,TSE
0050 元大台灣50,2017-08-14,15.4938,15.5224,15.3607,15.3607,2245,182056,-0.6154,560500,45260,,,TSE
0050 元大台灣50,2017-08-15,15.4653,15.5033,15.3987,15.4653,2708,220017,0.6811,560500,45569,,,TSE
0050 元大台灣50,2017-08-16,15.4368,15.4558,15.3321,15.4082,6282,507696,-0.369,560500,45401,,,TSE
0050 元大台灣50,2017-08-17,15.4558,15.5414,15.4368,15.5319,1968,160481,0.8025,560500,45765,,,TSE
0050 元大台灣50,2017-08-18,15.4082,15.4368,15.3416,15.4368,2315,187445,-0.6124,560500,45485,,,TSE
0050 元大台灣50,2017-08-21,15.4177,15.4463,15.3607,15.4177,2050,166059,-0.1232,560500,45429,,,TSE
0050 元大台灣50,2017-08-22,15.4938,15.5794,15.4938,15.5699,3986,326026,0.987,560500,45877,,,TSE
0050 元大台灣50,2017-08-23,15.5984,15.646,15.5509,15.5509,5504,451486,-0.1222,560500,45821,,,TSE
0050 元大台灣50,2017-08-24,15.5699,15.7031,15.5699,15.7031,3487,287289,0.9786,560500,46269,,,TSE
0050 元大台灣50,2017-08-25,15.7221,15.7411,15.6745,15.7316,2614,216110,0.1817,560500,46353,,,TSE
0050 元大台灣50,2017-08-28,15.7316,15.7506,15.6745,15.7031,2773,229032,-0.1814,560500,46269,,,TSE
0050 元大台灣50,2017-08-29,15.646,15.6745,15.5889,15.6555,1228,100988,-0.3028,560500,46129,,,TSE
0050 元大台灣50,2017-08-30,15.7221,15.7697,15.7126,15.7316,4119,340949,0.486,560500,46353,,,TSE
0050 元大台灣50,2017-08-31,15.8172,15.8172,15.7316,15.7792,3284,272401,0.3023,560500,46493,,,TSE
0050 元大台灣50,2017-09-01,15.7792,15.8267,15.7221,15.7887,4429,367698,0.0603,560500,46522,,,TSE
0050 元大台灣50,2017-09-04,15.7697,15.7982,15.7316,15.7601,2595,215379,-0.1807,560500,46437,,,TSE
0050 元大台灣50,2017-09-05,15.7697,15.7887,15.7221,15.7792,2564,212297,0.1207,560500,46493,,,TSE
0050 元大台灣50,2017-09-06,15.7316,15.7697,15.665,15.7126,2891,239135,-0.4219,535500,44232,,,TSE
0050 元大台灣50,2017-09-07,15.7506,15.7601,15.6365,15.646,1368,112962,-0.4237,535500,44045,,,TSE
0050 元大台灣50,2017-09-08,15.6745,15.7697,15.6745,15.7316,2841,235025,0.5471,535500,44286,,,TSE
0050 元大台灣50,2017-09-11,15.8362,15.8553,15.6936,15.7031,1627,134840,-0.1814,535500,44206,,,TSE
0050 元大台灣50,2017-09-12,15.7792,15.7982,15.7221,15.7601,1394,115579,0.3634,535500,44366,,,TSE
0050 元大台灣50,2017-09-13,15.7697,15.7887,15.646,15.6555,2175,179336,-0.6639,535500,44072,,,TSE
0050 元大台灣50,2017-09-14,15.6555,15.7031,15.627,15.665,1749,144135,0.0608,535500,44098,,,TSE
0050 元大台灣50,2017-09-15,15.665,15.6936,15.6175,15.665,1821,149836,0.0,535500,44098,,,TSE
0050 元大台灣50,2017-09-18,15.7601,15.8172,15.7126,15.8172,2692,223439,0.9715,535500,44527,,,TSE
0050 元大台灣50,2017-09-19,15.8267,15.8457,15.7221,15.7411,1456,120871,-0.4811,535500,44313,,,TSE
0050 元大台灣50,2017-09-20,15.6936,15.7221,15.6175,15.6365,9963,818692,-0.6647,535500,44018,,,TSE
0050 元大台灣50,2017-09-21,15.608,15.7506,15.5889,15.7316,1830,150729,0.6083,535500,44286,,,TSE
0050 元大台灣50,2017-09-22,15.7126,15.7126,15.5128,15.5224,5605,458418,-1.3301,535500,43697,,,TSE
0050 元大台灣50,2017-09-25,15.5128,15.5128,15.3607,15.3987,7071,572821,-0.7966,535500,43349,,,TSE
0050 元大台灣50,2017-09-26,15.3702,15.4177,15.2751,15.2751,11752,947629,-0.803,537500,43161,,,TSE
0050 元大台灣50,2017-09-27,15.3321,15.3892,15.3226,15.3512,6242,504135,0.4981,541500,43699,,,TSE
0050 元大台灣50,2017-09-28,15.3607,15.3702,15.2751,15.2941,6899,555464,-0.3717,545500,43858,,,TSE
0050 元大台灣50,2017-09-29,15.3036,15.3416,15.2751,15.3416,3443,277186,0.3109,545500,43995,,,TSE
0050 元大台灣50,2017-09-30,15.4082,15.4463,15.3797,15.4463,1585,128476,0.682,545500,44295,,,TSE
0050 元大台灣50,2017-10-02,15.4558,15.5224,15.4558,15.5033,3261,265639,0.3695,545500,44458,,,TSE
0050 元大台灣50,2017-10-03,15.5128,15.5414,15.4653,15.5033,1578,128664,0.0,540500,44051,,,TSE
0050 元大台灣50,2017-10-05,15.5033,15.6175,15.5033,15.5699,6407,524400,0.4294,540500,44240,,,TSE
0050 元大台灣50,2017-10-06,15.6175,15.6365,15.5889,15.6175,4126,338645,0.3054,540500,44375,,,TSE
0050 元大台灣50,2017-10-11,15.6841,15.8648,15.6841,15.8648,15975,1328351,1.5834,536500,44744,,,TSE
0050 元大台灣50,2017-10-12,15.8933,16.0169,15.8933,16.0169,8770,736349,0.9592,533500,44921,,,TSE
0050 元大台灣50,2017-10-13,15.9694,15.9884,15.9313,15.9884,3596,301743,-0.1781,533500,44841,,,TSE
0050 元大台灣50,2017-10-16,15.9884,16.074,15.9884,16.074,4045,340972,0.5354,533500,45081,,,TSE
0050 元大台灣50,2017-10-17,16.0835,16.1121,16.036,16.036,3233,273273,-0.2367,533500,44974,,,TSE
0050 元大台灣50,2017-10-18,16.1311,16.1691,16.036,16.093,4472,378300,0.3559,533500,45134,,,TSE
0050 元大台灣50,2017-10-19,16.1121,16.2072,16.1121,16.1501,2447,208033,0.3546,533500,45294,,,TSE
0050 元大台灣50,2017-10-20,16.055,16.1406,16.055,16.0835,1725,146031,-0.4122,533500,45107,,,TSE
0050 元大台灣50,2017-10-23,16.1121,16.1596,16.0645,16.074,1771,149959,-0.0591,533500,45081,,,TSE
0050 元大台灣50,2017-10-24,16.074,16.074,16.0169,16.055,1072,90505,-0.1183,533500,45027,,,TSE
0050 元大台灣50,2017-10-25,16.036,16.093,16.0169,16.0455,2416,203863,-0.0592,505000,42597,,,TSE
0050 元大台灣50,2017-10-26,16.0074,16.055,15.9789,16.0265,3226,271833,-0.1186,505000,42546,,,TSE
0050 元大台灣50,2017-10-27,16.036,16.1216,16.0169,16.036,2141,180898,0.0593,505000,42572,,,TSE
0050 元大台灣50,2017-10-30,16.1881,16.2357,16.1311,16.1596,3357,285709,0.7711,505000,42900,,,TSE
0050 元大台灣50,2017-10-31,16.1691,16.2357,16.1311,16.2072,2131,181429,0.2943,487500,41535,,,TSE
0050 元大台灣50,2017-11-01,16.2357,16.2452,16.1596,16.1881,1313,111897,-0.1174,487500,41486,,,TSE
0050 元大台灣50,2017-11-02,16.1596,16.1786,16.1121,16.1311,1562,132638,-0.3525,487500,41340,,,TSE
0050 元大台灣50,2017-11-03,16.1596,16.1786,16.093,16.1121,1455,123451,-0.1179,487500,41291,,,TSE
0050 元大台灣50,2017-11-06,16.2072,16.2262,16.093,16.1406,1573,133589,0.1771,487500,41364,,,TSE
0050 元大台灣50,2017-11-07,16.1691,16.2262,16.1406,16.2262,2211,188228,0.5303,476000,40603,,,TSE
0050 元大台灣50,2017-11-08,16.2072,16.2072,16.1596,16.1596,809,68867,-0.4103,476000,40436,,,TSE
0050 元大台灣50,2017-11-09,16.1596,16.1786,16.055,16.055,1258,106726,-0.6474,476000,40174,,,TSE
0050 元大台灣50,2017-11-10,16.036,16.0835,15.9694,16.0835,923,77817,0.1777,476000,40246,,,TSE
0050 元大台灣50,2017-11-13,16.0265,16.055,16.0169,16.036,979,82529,-0.2957,476000,40127,,,TSE
0050 元大台灣50,2017-11-14,16.036,16.036,15.9694,16.0074,1015,85431,-0.1779,476000,40055,,,TSE
0050 元大台灣50,2017-11-15,15.9409,15.9504,15.8172,15.8457,6270,523327,-1.0101,476000,39651,,,TSE
0050 元大台灣50,2017-11-16,15.8457,15.9313,15.8267,15.9028,2176,181765,0.3601,476000,39794,,,TSE
0050 元大台灣50,2017-11-17,16.036,16.0645,16.0074,16.0455,7196,606871,0.8971,476000,40151,,,TSE
0050 元大台灣50,2017-11-20,16.055,16.0645,15.9599,15.9789,2301,193525,-0.4149,476000,39984,,,TSE
0050 元大台灣50,2017-11-21,15.9599,16.1311,15.9599,16.1216,4469,376042,0.8929,476000,40341,,,TSE
0050 元大台灣50,2017-11-22,16.1977,16.2833,16.1501,16.1977,4913,419446,0.472,476000,40531,,,TSE
0050 元大台灣50,2017-11-23,16.1977,16.2357,16.1596,16.2072,1552,132161,0.0587,476000,40555,,,TSE
0050 元大台灣50,2017-11-24,16.2167,16.2262,16.1596,16.1977,1068,91012,-0.0587,476000,40531,,,TSE
0050 元大台灣50,2017-11-27,16.1977,16.1977,15.9979,16.0074,2127,179561,-1.1744,476000,40055,,,TSE
0050 元大台灣50,2017-11-28,15.9694,15.9789,15.8838,15.9028,2007,167971,-0.6536,469000,39208,,,TSE
0050 元大台灣50,2017-11-29,15.9123,15.9694,15.8933,15.9218,1381,115678,0.1196,469000,39255,,,TSE
0050 元大台灣50,2017-11-30,15.7887,15.7887,15.646,15.646,8038,663634,-1.7324,469000,38575,,,TSE
0050 元大台灣50,2017-12-01,15.627,15.7697,15.5319,15.7126,5620,462116,0.4255,469000,38739,,,TSE
0050 元大台灣50,2017-12-04,15.7221,15.7792,15.665,15.7697,1503,124232,0.3632,469000,38880,,,TSE
0050 元大台灣50,2017-12-05,15.7031,15.7221,15.6365,15.646,1880,154873,-0.7841,469000,38575,,,TSE
0050 元大台灣50,2017-12-06,15.6175,15.6175,15.3797,15.3797,13235,1076016,-1.7021,470000,38000,,,TSE
0050 元大台灣50,2017-12-07,15.4463,15.4558,15.3036,15.3892,7309,590253,0.0618,473500,38306,,,TSE
0050 元大台灣50,2017-12-08,15.5033,15.5033,15.3416,15.3892,6280,507950,0.0,476000,38508,,,TSE
0050 元大台灣50,2017-12-11,15.4463,15.5319,15.4463,15.5033,2738,223183,0.7417,483500,39405,,,TSE
0050 元大台灣50,2017-12-12,15.4843,15.5033,15.3226,15.3987,3940,318854,-0.6748,485500,39301,,,TSE
0050 元大台灣50,2017-12-13,15.4272,15.4463,15.3892,15.4082,1676,135829,0.0618,485500,39326,,,TSE
0050 元大台灣50,2017-12-14,15.5128,15.5984,15.4748,15.5509,2246,183713,0.9259,485500,39690,,,TSE
0050 元大台灣50,2017-12-15,15.5319,15.5319,15.3416,15.4272,4077,329949,-0.7951,489500,39698,,,TSE
0050 元大台灣50,2017-12-18,15.4463,15.4558,15.3797,15.4463,3842,311718,0.1233,489500,39747,,,TSE
0050 元大台灣50,2017-12-19,15.4463,15.4843,15.3512,15.3702,4095,331846,-0.4926,493500,39875,,,TSE
0050 元大台灣50,2017-12-20,15.3702,15.4272,15.3607,15.4177,4652,376271,0.3094,495500,40160,,,TSE
0050 元大台灣50,2017-12-21,15.4272,15.4748,15.4082,15.4082,1240,100664,-0.0617,495500,40136,,,TSE
0050 元大台灣50,2017-12-22,15.3702,15.4748,15.3512,15.4653,1644,133059,0.3704,495500,40284,,,TSE
0050 元大台灣50,2017-12-25,15.4653,15.5128,15.4653,15.4938,1002,81627,0.1845,495500,40358,,,TSE
0050 元大台灣50,2017-12-26,15.4938,15.4938,15.3131,15.3416,2578,208312,-0.9822,495500,39962,,,TSE
0050 元大台灣50,2017-12-27,15.3321,15.3892,15.3226,15.3892,3600,290733,0.31,495500,40086,,,TSE
0050 元大台灣50,2017-12-28,15.4558,15.5509,15.4558,15.5414,3094,252391,0.9889,495500,40482,,,TSE
0050 元大台灣50,2017-12-29,15.5509,15.6365,15.5509,15.627,4690,384768,0.5508,495500,40705,,,TSE
0050 元大台灣50,2018-01-02,15.627,15.7126,15.627,15.7126,3613,298033,0.5478,495500,40928,,,TSE
0050 元大台灣50,2018-01-03,15.7792,15.8743,15.7792,15.8553,7196,599476,0.908,495500,41300,,,TSE
0050 元大台灣50,2018-01-04,15.8838,15.9123,15.8267,15.8838,5627,469312,0.18,495500,41374,,,TSE
0050 元大台灣50,2018-01-05,15.8838,15.9409,15.8457,15.9313,7616,636768,0.2994,495500,41498,,,TSE
0050 元大台灣50,2018-01-08,15.9409,16.0074,15.9218,15.9979,5189,435775,0.4179,495500,41672,,,TSE
0050 元大台灣50,2018-01-09,15.9979,16.0265,15.9599,16.0074,3664,308057,0.0595,495500,41696,,,TSE
0050 元大台灣50,2018-01-10,15.9979,16.0265,15.8933,15.9313,5749,482358,-0.4753,495500,41498,,,TSE
0050 元大台灣50,2018-01-11,15.9123,15.9218,15.8077,15.8648,2579,214867,-0.4179,495500,41325,,,TSE
0050 元大台灣50,2018-01-12,15.8933,16.0169,15.8838,15.9979,2871,241214,0.8393,495500,41672,,,TSE
0050 元大台灣50,2018-01-15,16.0835,16.1121,16.055,16.1025,2819,238493,0.654,495500,41944,,,TSE
0050 元大台灣50,2018-01-16,16.1025,16.1691,16.074,16.1691,3955,335496,0.4135,495500,42118,,,TSE
0050 元大台灣50,2018-01-17,16.1025,16.2547,16.1025,16.1977,5698,485174,0.1765,495500,42192,,,TSE
0050 元大台灣50,2018-01-18,16.2642,16.464,16.2642,16.4164,6898,594091,1.3506,495500,42762,,,TSE
0050 元大台灣50,2018-01-19,16.4259,16.5781,16.4259,16.5781,5302,461040,0.9849,478500,41701,,,TSE
0050 元大台灣50,2018-01-22,16.5781,16.7303,16.5781,16.7303,4441,389066,0.918,478500,42084,,,TSE
0050 元大台灣50,2018-01-23,16.7493,16.8159,16.7208,16.7969,5799,511405,0.398,478500,42252,,,TSE
0050 元大台灣50,2018-01-24,16.7398,16.7398,16.521,16.5876,5103,444907,-1.2458,477500,41638,,,TSE
0050 元大台灣50,2018-01-25,16.5971,16.7969,16.5781,16.6352,4983,436967,0.2867,473500,41408,,,TSE
0050 元大台灣50,2018-01-26,16.6352,16.6637,16.521,16.6447,7774,678481,0.0572,473500,41431,,,TSE
0050 元大台灣50,2018-01-29,16.6838,16.8106,16.6252,16.6935,6445,551350,0.2857,486000,41577,,,TSE
0050 元大台灣50,2018-01-30,16.6252,16.6545,16.4887,16.4984,4966,421572,-1.1689,486000,41091,,,TSE
0050 元大台灣50,2018-01-31,16.4691,16.5862,16.4204,16.5179,4251,359040,0.1183,486000,41140,,,TSE
0050 元大台灣50,2018-02-01,16.5374,16.6838,16.5374,16.635,2914,248420,0.7088,486500,41474,,,TSE
0050 元大台灣50,2018-02-02,16.557,16.6155,16.4594,16.5667,3081,261095,-0.4106,486500,41304,,,TSE
0050 元大台灣50,2018-02-05,16.235,16.3423,16.1764,16.313,7075,588994,-1.5312,486500,40671,,,TSE
0050 元大台灣50,2018-02-06,15.7764,15.8252,15.3764,15.5423,32222,2574016,-4.7249,494000,39347,,,TSE
0050 元大台灣50,2018-02-07,15.874,15.8837,15.7276,15.7374,10181,825539,1.2555,499000,40244,,,TSE
0050 元大台灣50,2018-02-08,15.7374,15.7959,15.6691,15.7276,4514,363476,-0.062,503000,40542,,,TSE
0050 元大台灣50,2018-02-09,15.3374,15.4545,15.2203,15.4252,16211,1271812,-1.9231,503000,39762,,,TSE
0050 元大台灣50,2018-02-12,15.5228,15.591,15.4935,15.552,8443,672977,0.8223,511000,40727,,,TSE
0050 元大台灣50,2018-02-21,15.8837,15.9423,15.8252,15.9033,11646,948993,2.2585,514500,41932,,,TSE
0050 元大台灣50,2018-02-22,15.9033,15.9033,15.7569,15.8057,3749,303821,-0.6135,514500,41675,,,TSE
0050 元大台灣50,2018-02-23,15.8837,16.0203,15.8837,16.0008,3779,309207,1.2346,514500,42189,,,TSE
0050 元大台灣50,2018-02-26,16.1081,16.1569,16.0691,16.0789,3289,271560,0.4878,514500,42395,,,TSE
0050 元大台灣50,2018-02-27,16.2155,16.235,16.0691,16.0691,7663,634417,-0.0607,514500,42369,,,TSE
0050 元大台灣50,2018-03-01,15.913,15.9911,15.835,15.952,4344,354595,-0.7286,514500,42060,,,TSE
0050 元大台灣50,2018-03-02,15.7764,15.8447,15.6984,15.835,6262,505982,-0.7339,514500,41752,,,TSE
0050 元大台灣50,2018-03-05,15.8252,15.9033,15.7374,15.7569,3723,301898,-0.4929,514500,41546,,,TSE
0050 元大台灣50,2018-03-06,15.9325,16.0301,15.9228,16.0301,5732,469203,1.7337,514500,42266,,,TSE
0050 元大台灣50,2018-03-07,15.952,16.0886,15.9423,15.9618,2619,214899,-0.426,514500,42086,,,TSE
0050 元大台灣50,2018-03-08,16.0301,16.1569,16.0301,16.1472,3232,266947,1.1614,514500,42575,,,TSE
0050 元大台灣50,2018-03-09,16.1764,16.196,16.1374,16.1667,2832,234740,0.1208,514500,42626,,,TSE
0050 元大台灣50,2018-03-12,16.313,16.4399,16.3033,16.4204,8752,735446,1.5691,514500,43295,,,TSE
0050 元大台灣50,2018-03-13,16.4594,16.5765,16.4496,16.5765,9837,831704,0.9507,514500,43707,,,TSE
0050 元大台灣50,2018-03-14,16.4594,16.4789,16.3911,16.4496,3415,287869,-0.7652,514500,43372,,,TSE
0050 元大台灣50,2018-03-15,16.3911,16.4496,16.3716,16.4399,3506,295014,-0.0593,514500,43347,,,TSE
0050 元大台灣50,2018-03-16,16.3911,16.4301,16.2155,16.3716,5510,460021,-0.4154,514500,43167,,,TSE
0050 元大台灣50,2018-03-19,16.3228,16.4106,16.2838,16.3618,2035,170676,-0.0596,514500,43141,,,TSE
0050 元大台灣50,2018-03-20,16.235,16.3521,16.235,16.3521,2895,241726,-0.0596,514500,43115,,,TSE
0050 元大台灣50,2018-03-21,16.3521,16.4106,16.313,16.3618,4891,410076,0.0597,514500,43141,,,TSE
0050 元大台灣50,2018-03-22,16.3911,16.5082,16.2838,16.3033,3429,288139,-0.3578,514500,42986,,,TSE
0050 元大台灣50,2018-03-23,15.9716,16.0789,15.9618,16.0203,8259,677767,-1.7355,514500,42240,,,TSE
0050 元大台灣50,2018-03-26,15.9716,16.0399,15.9228,16.0399,4369,357831,0.1218,514500,42292,,,TSE
0050 元大台灣50,2018-03-27,16.196,16.274,16.1862,16.274,3277,272571,1.4599,514500,42909,,,TSE
0050 元大台灣50,2018-03-28,16.1764,16.1764,16.0399,16.0496,4161,343127,-1.3789,514500,42318,,,TSE
0050 元大台灣50,2018-03-29,16.0496,16.0691,15.9618,16.0203,4099,336213,-0.1824,514500,42240,,,TSE
0050 元大台灣50,2018-03-30,16.1277,16.2057,16.1277,16.1667,4994,414075,0.9135,514500,42626,,,TSE
0050 元大台灣50,2018-03-31,16.1667,16.2057,16.1472,16.1862,878,72801,0.1207,514500,42678,,,TSE
0050 元大台灣50,2018-04-02,16.1667,16.1862,16.0301,16.0496,3737,307813,-0.8439,514500,42318,,,TSE
0050 元大台灣50,2018-04-03,15.9033,15.913,15.8447,15.9033,6187,503435,-0.9119,514500,41932,,,TSE
0050 元大台灣50,2018-04-09,16.0301,16.0594,15.9228,16.0399,3401,278923,0.8589,514500,42292,,,TSE
0050 元大台灣50,2018-04-10,16.0203,16.1667,15.952,16.0984,3860,318719,0.365,509500,42034,,,TSE
0050 元大台灣50,2018-04-11,16.1764,16.2155,16.1472,16.1667,2603,215930,0.4242,509500,42212,,,TSE
0050 元大台灣50,2018-04-12,16.2057,16.2252,16.0496,16.0984,3591,296423,-0.4225,509500,42034,,,TSE
0050 元大台灣50,2018-04-13,16.1374,16.1569,16.0594,16.0984,2982,246303,0.0,513000,42323,,,TSE
0050 元大台灣50,2018-04-16,16.1277,16.1277,16.0008,16.0594,1809,148796,-0.2424,513000,42220,,,TSE
0050 元大台灣50,2018-04-17,16.0789,16.0789,15.874,15.8837,4325,352876,-1.0936,513000,41758,,,TSE
0050 元大台灣50,2018-04-18,15.9228,16.0203,15.874,15.9228,3739,305624,0.2457,513000,41861,,,TSE
0050 元大台灣50,2018-04-19,15.9813,16.1277,15.9813,16.1277,4461,367816,1.2868,513000,42399,,,TSE
0050 元大台灣50,2018-04-20,15.8057,15.8252,15.7081,15.7569,9017,728325,-2.2989,513000,41425,,,TSE
0050 元大台灣50,2018-04-23,15.6593,15.6984,15.591,15.6008,10624,850769,-0.9907,517000,41334,,,TSE
0050 元大台灣50,2018-04-24,15.591,15.6008,15.4252,15.5228,16867,1341875,-0.5003,519000,41286,,,TSE
0050 元大台灣50,2018-04-25,15.4642,15.474,15.3764,15.474,16460,1301833,-0.3143,536500,42544,,,TSE
0050 元大台灣50,2018-04-26,15.552,15.552,15.3764,15.4252,16485,1305124,-0.3153,543500,42964,,,TSE
0050 元大台灣50,2018-04-27,15.5325,15.5423,15.3764,15.4545,12395,979827,0.1898,580000,45936,,,TSE
0050 元大台灣50,2018-04-30,15.5423,15.6398,15.4252,15.6106,6516,519421,1.0101,583000,46640,,,TSE
0050 元大台灣50,2018-05-02,15.6203,15.6398,15.4935,15.4935,5513,439622,-0.75,601000,47719,,,TSE
0050 元大台灣50,2018-05-03,15.4252,15.4252,15.2886,15.3276,8823,694073,-1.0705,612000,48073,,,TSE
0050 元大台灣50,2018-05-04,15.3276,15.4154,15.2983,15.4057,3475,273248,0.5092,612000,48317,,,TSE
0050 元大台灣50,2018-05-07,15.513,15.5228,15.3764,15.513,3858,305849,0.6966,614500,48853,,,TSE
0050 元大台灣50,2018-05-08,15.4935,15.6203,15.4837,15.6106,5352,427504,0.6289,614500,49160,,,TSE
0050 元大台灣50,2018-05-09,15.6106,15.7179,15.6106,15.6984,3359,270071,0.5625,614500,49437,,,TSE
0050 元大台灣50,2018-05-10,15.7472,15.7472,15.6984,15.7374,5977,481662,0.2486,614500,49559,,,TSE
0050 元大台灣50,2018-05-11,15.8252,15.9423,15.8154,15.9228,17654,1436892,1.1779,614500,50143,,,TSE
0050 元大台灣50,2018-05-14,16.0008,16.1179,15.9813,16.0984,17197,1414607,1.1029,614500,50696,,,TSE
0050 元大台灣50,2018-05-15,16.0691,16.0789,15.9325,15.9325,7222,592065,-1.0303,602500,49194,,,TSE
0050 元大台灣50,2018-05-16,15.8935,15.9618,15.8837,15.952,8293,677320,0.1225,602500,49254,,,TSE
0050 元大台灣50,2018-05-17,15.9911,16.0008,15.8447,15.8447,1940,158110,-0.6728,602500,48923,,,TSE
0050 元大台灣50,2018-05-18,15.8447,15.9033,15.7764,15.7959,2360,191353,-0.3079,602500,48772,,,TSE
0050 元大台灣50,2018-05-21,15.8447,16.0203,15.8447,16.0106,3889,318673,1.3589,602500,49435,,,TSE
0050 元大台灣50,2018-05-22,15.9618,16.0594,15.952,15.952,1837,150711,-0.3656,602500,49254,,,TSE
0050 元大台灣50,2018-05-23,15.9813,16.0008,15.8642,15.874,2124,173329,-0.4893,602500,49013,,,TSE
0050 元大台灣50,2018-05-24,15.874,15.9423,15.8545,15.913,1135,92525,0.2459,602500,49134,,,TSE
0050 元大台灣50,2018-05-25,15.913,16.0106,15.8837,15.9716,3115,254971,0.3679,602500,49315,,,TSE
0050 元大台灣50,2018-05-28,16.0106,16.0496,16.0008,16.0399,2940,241485,0.4276,602500,49526,,,TSE
0050 元大台灣50,2018-05-29,16.0399,16.0399,15.9033,15.9716,1388,113427,-0.4258,602500,49315,,,TSE
0050 元大台灣50,2018-05-30,15.8837,15.8837,15.6691,15.6886,6177,497863,-1.7715,602500,48441,,,TSE
0050 元大台灣50,2018-05-31,15.7667,15.7959,15.7179,15.7569,1605,129628,0.4353,602500,48652,,,TSE
0050 元大台灣50,2018-06-01,15.7667,15.8935,15.7667,15.874,1848,150141,0.743,602500,49013,,,TSE
0050 元大台灣50,2018-06-04,15.9618,16.1179,15.9618,16.1179,7081,583108,1.5366,602500,49767,,,TSE
0050 元大台灣50,2018-06-05,16.1374,16.1374,16.0496,16.0984,2695,222338,-0.1211,602500,49706,,,TSE
0050 元大台灣50,2018-06-06,16.1277,16.2643,16.1277,16.2545,6398,531456,0.9697,638500,53187,,,TSE
0050 元大台灣50,2018-06-07,16.2935,16.313,16.196,16.2838,6704,557849,0.1801,709500,59208,,,TSE
0050 元大台灣50,2018-06-08,16.2545,16.2545,16.0984,16.1081,3469,287811,-1.0785,780500,64430,,,TSE
0050 元大台灣50,2018-06-11,16.1569,16.1862,16.0789,16.1277,3264,269605,0.1211,816500,67484,,,TSE
0050 元大台灣50,2018-06-12,16.0496,16.0984,15.9911,16.0984,2243,184469,-0.1815,851500,70249,,,TSE
0050 元大台灣50,2018-06-13,16.0886,16.2155,16.0691,16.196,4668,386299,0.6061,899000,74617,,,TSE
0050 元大台灣50,2018-06-14,16.0984,16.1081,15.952,15.952,3564,292513,-1.506,764500,62498,,,TSE
0050 元大台灣50,2018-06-15,15.9228,15.9911,15.8447,15.9911,3862,314683,0.2446,764500,62651,,,TSE
0050 元大台灣50,2018-06-19,15.8252,15.8447,15.7276,15.7276,4994,403588,-1.6473,801000,64561,,,TSE
0050 元大台灣50,2018-06-20,15.7374,15.9423,15.6691,15.9033,7866,637796,1.1166,837500,68256,,,TSE
0050 元大台灣50,2018-06-21,15.9033,15.9228,15.8447,15.8545,2134,173683,-0.3067,887000,72069,,,TSE
0050 元大台灣50,2018-06-22,15.7667,15.8447,15.6789,15.835,6482,523157,-0.1231,923500,74942,,,TSE
0050 元大台灣50,2018-06-25,15.7764,15.8154,15.7472,15.7862,7993,646507,-0.3081,973000,78716,,,TSE
0050 元大台灣50,2018-06-26,15.7472,15.7472,15.6106,15.7472,16434,1320542,-0.2472,974000,78602,,,TSE
0050 元大台灣50,2018-06-27,15.7569,15.7862,15.6691,15.6886,8308,668958,-0.3717,975000,78390,,,TSE
0050 元大台灣50,2018-06-28,15.6203,15.6886,15.5715,15.6203,12064,965311,-0.4353,973000,77889,,,TSE
0050 元大台灣50,2018-06-29,15.6691,15.913,15.6496,15.8935,6584,532141,1.7489,973000,79251,,,TSE
0050 元大台灣50,2018-07-02,15.9033,15.9813,15.8057,15.8154,4175,340342,-0.4911,973000,78862,,,TSE
0050 元大台灣50,2018-07-03,15.8642,15.9911,15.7276,15.835,5023,407797,0.1234,972500,78918,,,TSE
0050 元大台灣50,2018-07-04,15.835,15.9228,15.8252,15.8837,1746,142005,0.3081,972500,79162,,,TSE
0050 元大台灣50,2018-07-05,15.8935,15.8935,15.7276,15.7569,3119,252501,-0.7985,972500,78529,,,TSE
0050 元大台灣50,2018-07-06,15.8252,15.835,15.6496,15.7959,5351,431770,0.2477,972500,78724,,,TSE
0050 元大台灣50,2018-07-09,15.952,16.0886,15.913,16.0496,9040,742124,1.6059,972500,79988,,,TSE
0050 元大台灣50,2018-07-10,16.1277,16.1569,16.0691,16.0886,4913,405509,0.2432,972500,80183,,,TSE
0050 元大台灣50,2018-07-11,15.9423,15.9813,15.8642,15.9423,3899,317877,-0.9096,972500,79453,,,TSE
0050 元大台灣50,2018-07-12,15.9228,16.1277,15.9033,16.1277,6882,567290,1.1628,972500,80377,,,TSE
0050 元大台灣50,2018-07-13,16.196,16.274,16.1569,16.2643,13661,1135575,0.8469,944500,78724,,,TSE
0050 元大台灣50,2018-07-16,16.2545,16.2838,16.196,16.196,5332,443588,-0.4199,944500,78394,,,TSE
0050 元大台灣50,2018-07-17,16.1667,16.1667,16.0789,16.1081,2992,247259,-0.5422,944500,77968,,,TSE
0050 元大台灣50,2018-07-18,16.2252,16.2935,16.1862,16.2057,13174,1096705,0.6057,895500,74371,,,TSE
0050 元大台灣50,2018-07-19,16.2155,16.3521,16.2057,16.2545,13217,1104868,0.301,832000,69306,,,TSE
0050 元大台灣50,2018-07-20,16.3911,16.5277,16.3911,16.5179,18403,1554789,1.6206,800500,67762,,,TSE
0050 元大台灣50,2018-07-23,16.5868,16.6753,16.4982,16.636,8504,717700,0.7088,800500,67682,,,TSE
0050 元大台灣50,2018-07-24,16.6163,16.6655,16.5573,16.6655,5116,432638,0.1774,828000,70132,,,TSE
0050 元大台灣50,2018-07-25,16.5376,16.695,16.5376,16.6753,6352,538152,0.059,836500,70893,,,TSE
0050 元大台灣50,2018-07-26,16.6753,16.7737,16.6753,16.7245,8471,720308,0.295,836500,71103,,,TSE
0050 元大台灣50,2018-07-27,16.7442,16.8721,16.7442,16.8622,5947,508730,0.8235,836500,71688,,,TSE
0050 元大台灣50,2018-07-30,16.8524,16.9016,16.8032,16.8327,3230,276780,-0.175,836500,71563,,,TSE
0050 元大台灣50,2018-07-31,16.7934,16.8622,16.7344,16.8327,2739,234041,0.0,836500,71563,,,TSE
0050 元大台灣50,2018-08-01,16.8819,16.9606,16.8819,16.9508,4012,345034,0.7013,836500,72064,,,TSE
0050 元大台灣50,2018-08-02,16.9409,16.9508,16.695,16.695,4774,408144,-1.509,836500,70977,,,TSE
0050 元大台灣50,2018-08-03,16.8032,16.8622,16.7934,16.8327,1225,104806,0.825,836500,71563,,,TSE
0050 元大台灣50,2018-08-06,16.8327,16.9409,16.7934,16.8622,2424,208061,0.1753,836500,71688,,,TSE
0050 元大台灣50,2018-08-07,16.8622,16.8819,16.8032,16.8229,1199,102654,-0.2334,836500,71521,,,TSE
0050 元大台灣50,2018-08-08,16.8819,17.0,16.8819,16.9508,4074,351307,0.7602,836500,72064,,,TSE
0050 元大台灣50,2018-08-09,16.9409,16.9705,16.8622,16.9508,1631,140409,0.0,836500,72064,,,TSE
0050 元大台灣50,2018-08-10,16.8622,16.9508,16.8524,16.8622,1279,109887,-0.5223,836500,71688,,,TSE
0050 元大台灣50,2018-08-13,16.7344,16.7344,16.4589,16.5179,7284,613593,-2.042,836500,70224,,,TSE
0050 元大台灣50,2018-08-14,16.6065,16.6458,16.5376,16.636,2243,189202,0.7147,836500,70726,,,TSE
0050 元大台灣50,2018-08-15,16.6261,16.6261,16.4195,16.4786,4279,358442,-0.9462,836500,70057,,,TSE
0050 元大台灣50,2018-08-16,16.3802,16.5474,16.3408,16.4884,4532,378662,0.0597,836500,70099,,,TSE
0050 元大台灣50,2018-08-17,16.5179,16.5573,16.4491,16.4589,4640,388914,-0.179,826500,69137,,,TSE
0050 元大台灣50,2018-08-20,16.5081,16.5474,16.4687,16.5179,3147,264000,0.3586,826500,69385,,,TSE
0050 元大台灣50,2018-08-21,16.5081,16.6556,16.5081,16.636,5023,423888,0.7147,826500,69881,,,TSE
0050 元大台灣50,2018-08-22,16.6655,16.695,16.5966,16.6556,3545,300217,0.1183,826500,69963,,,TSE
0050 元大台灣50,2018-08-23,16.6852,16.7639,16.6458,16.7344,3869,328564,0.4725,754000,64128,,,TSE
0050 元大台灣50,2018-08-24,16.7245,16.7442,16.6163,16.6852,2549,216059,-0.2939,739000,62667,,,TSE
0050 元大台灣50,2018-08-27,16.7245,16.8327,16.7245,16.8327,5025,428795,0.8844,739000,63221,,,TSE
0050 元大台灣50,2018-08-28,16.9114,17.0,16.9114,16.9705,8288,714613,0.8182,739000,63739,,,TSE
0050 元大台灣50,2018-08-29,17.0098,17.1869,17.0098,17.1672,13383,1164633,1.1594,733000,63954,,,TSE
0050 元大台灣50,2018-08-30,17.2754,17.3837,17.2066,17.2263,9894,869371,0.3438,730500,63955,,,TSE
0050 元大台灣50,2018-08-31,17.118,17.118,17.0098,17.1082,4245,368332,-0.6853,730500,63517,,,TSE
0050 元大台灣50,2018-09-03,17.1082,17.1574,17.0,17.0098,3670,318489,-0.575,729500,63065,,,TSE
0050 元大台灣50,2018-09-04,17.0787,17.118,17.0098,17.118,2357,204511,0.6362,729500,63467,,,TSE
0050 元大台灣50,2018-09-05,17.118,17.1771,17.059,17.118,2496,217228,0.0,728500,63380,,,TSE
0050 元大台灣50,2018-09-06,17.0984,17.0984,16.9606,17.0197,1945,168384,-0.5747,728500,63015,,,TSE
0050 元大台灣50,2018-09-07,16.9606,17.0098,16.9213,17.0,2505,216029,-0.1156,670500,57931,,,TSE
0050 元大台灣50,2018-09-10,17.0393,17.0393,16.8524,16.9213,5319,457230,-0.463,670500,57663,,,TSE
0050 元大台灣50,2018-09-11,16.9114,16.9213,16.8032,16.8524,19525,1672322,-0.407,681500,58370,,,TSE
0050 元大台灣50,2018-09-12,16.8918,16.9016,16.7737,16.8327,18583,1588075,-0.1168,684500,58559,,,TSE
0050 元大台灣50,2018-09-13,16.8819,16.8819,16.7048,16.7147,20996,1789506,-0.7013,684500,58148,,,TSE
0050 元大台灣50,2018-09-14,16.8721,17.0197,16.8426,17.0197,8616,741763,1.8246,686500,59382,,,TSE
0050 元大台灣50,2018-09-17,17.0197,17.0197,16.8622,16.8918,8988,773023,-0.7514,686500,58936,,,TSE
0050 元大台灣50,2018-09-18,16.8426,16.8622,16.7639,16.8032,6140,524809,-0.5242,686500,58627,,,TSE
0050 元大台灣50,2018-09-19,16.8819,16.9803,16.8622,16.9508,6881,591822,0.8782,635000,54705,,,TSE
0050 元大台灣50,2018-09-20,17.0098,17.0295,16.8819,16.9016,4159,357894,-0.2902,579000,49736,,,TSE
0050 元大台灣50,2018-09-21,16.9705,17.0885,16.9016,17.0885,7370,636825,1.1059,579000,50286,,,TSE
0050 元大台灣50,2018-09-25,17.0492,17.1475,17.0393,17.1377,7506,652734,0.2879,579000,50431,,,TSE
0050 元大台灣50,2018-09-26,17.0984,17.118,17.0688,17.0984,8036,698254,-0.2296,579000,50315,,,TSE
0050 元大台灣50,2018-09-27,17.0393,17.2066,17.0393,17.1869,27800,2423747,0.5178,579000,50576,,,TSE
0050 元大台灣50,2018-09-28,17.1869,17.2459,17.0393,17.0984,13202,1151404,-0.5152,577000,50141,,,TSE
0050 元大台灣50,2018-10-01,17.0984,17.1967,17.0984,17.1869,5914,516131,0.5178,577000,50401,,,TSE
0050 元大台灣50,2018-10-02,17.1672,17.1672,16.9213,16.9311,5434,469382,-1.4883,576500,49608,,,TSE
0050 元大台灣50,2018-10-03,16.9311,16.9803,16.8819,16.9114,4369,375778,-0.1162,576500,49550,,,TSE
0050 元大台灣50,2018-10-04,16.8622,16.8622,16.6852,16.7048,9736,827292,-1.2216,576500,48945,,,TSE
0050 元大台灣50,2018-10-05,16.6261,16.6261,16.331,16.4195,26744,2239942,-1.7079,576500,48109,,,TSE
0050 元大台灣50,2018-10-08,16.3212,16.4097,16.2326,16.331,46523,3855479,-0.5392,579500,48099,,,TSE
0050 元大台灣50,2018-10-09,16.3408,16.4097,16.2916,16.3802,20530,1706528,0.3012,584000,48618,,,TSE
0050 元大台灣50,2018-10-11,15.7702,15.7702,15.2193,15.2291,68551,5389808,-7.027,630000,48762,,,TSE
0050 元大台灣50,2018-10-12,15.2882,15.7506,15.2488,15.7506,23183,1825995,3.4238,643000,51472,,,TSE
0050 元大台灣50,2018-10-15,15.6423,15.6423,15.4751,15.5833,49299,3886740,-1.0618,673000,53302,,,TSE
0050 元大台灣50,2018-10-16,15.544,15.6423,15.4653,15.603,16686,1319117,0.1263,693500,54995,,,TSE
0050 元大台灣50,2018-10-17,15.8293,15.8391,15.6128,15.6227,20309,1623444,0.1261,771500,61257,,,TSE
0050 元大台灣50,2018-10-18,15.6423,15.6915,15.5341,15.5735,7988,633217,-0.3149,771500,61064,,,TSE
0050 元大台灣50,2018-10-19,15.3866,15.603,15.3472,15.603,12064,948108,0.1895,771500,61180,,,TSE
0050 元大台灣50,2018-10-22,15.4161,15.6522,15.3472,15.5833,12453,979040,-0.1261,771500,61103,,,TSE
0050 元大台灣50,2018-10-23,15.3669,15.4653,15.2882,15.298,24898,1943501,-1.8308,771500,59984,,,TSE
0050 元大台灣50,2018-10-24,15.3079,15.3374,15.0914,15.2291,13002,1004568,-0.4502,771500,59714,,,TSE
0050 元大台灣50,2018-10-25,14.8553,14.993,14.816,14.8553,28935,2190854,-2.4548,771500,58248,,,TSE
0050 元大台灣50,2018-10-26,15.0029,15.0422,14.6585,14.8356,17783,1338505,-0.1325,797000,60094,,,TSE
0050 元大台灣50,2018-10-29,14.9242,14.9734,14.8258,14.9045,9883,747884,0.4642,799500,60562,,,TSE
0050 元大台灣50,2018-10-30,14.9143,15.0029,14.8553,14.9438,6119,464489,0.264,806000,61216,,,TSE
0050 元大台灣50,2018-10-31,15.0717,15.2587,15.0717,15.2587,9898,764366,2.1066,806000,62505,,,TSE
0050 元大台灣50,2018-11-01,15.3177,15.4357,15.2587,15.4259,6807,532547,1.0961,806000,63190,,,TSE
0050 元大台灣50,2018-11-02,15.4259,15.5046,15.3472,15.4751,6722,527356,0.3189,806000,63392,,,TSE
0050 元大台灣50,2018-11-05,15.3669,15.3964,15.2685,15.3964,4657,363054,-0.5086,806000,63070,,,TSE
0050 元大台灣50,2018-11-06,15.4357,15.4456,15.298,15.3472,6206,483978,-0.3195,806000,62868,,,TSE
0050 元大台灣50,2018-11-07,15.3866,15.4554,15.357,15.4259,6194,485644,0.5128,806000,63190,,,TSE
0050 元大台灣50,2018-11-08,15.5735,15.6227,15.4456,15.5144,10309,813484,0.574,806000,63553,,,TSE
0050 元大台灣50,2018-11-09,15.4456,15.4456,15.2783,15.3079,36848,2867181,-1.3316,809500,62979,,,TSE
0050 元大台灣50,2018-11-12,15.298,15.4062,15.2587,15.3472,6133,478405,0.2571,824000,64272,,,TSE
0050 元大台灣50,2018-11-13,14.9832,15.1996,14.8947,15.1701,10711,819374,-1.1538,825000,63608,,,TSE
0050 元大台灣50,2018-11-14,15.1996,15.2291,15.1504,15.2193,6293,486228,0.3243,825000,63814,,,TSE
0050 元大台灣50,2018-11-15,15.2488,15.2783,15.1013,15.2685,5694,440513,0.3232,826500,64136,,,TSE
0050 元大台灣50,2018-11-16,15.3374,15.3374,15.1209,15.1406,8883,685298,-0.8376,828000,63715,,,TSE
0050 元大台灣50,2018-11-19,15.1603,15.18,15.0717,15.0914,7058,541993,-0.3249,830000,63661,,,TSE
0050 元大台灣50,2018-11-20,15.0324,15.0521,14.9045,14.9537,8625,656617,-0.9126,837500,63650,,,TSE
0050 元大台灣50,2018-11-21,14.816,14.9635,14.7274,14.9537,15125,1143349,0.0,841000,63916,,,TSE
0050 元大台灣50,2018-11-22,14.9734,15.0029,14.875,14.875,5934,450631,-0.5263,843000,63731,,,TSE
0050 元大台灣50,2018-11-23,14.8947,14.9242,14.7668,14.8258,4041,304440,-0.3307,845500,63708,,,TSE
0050 元大台灣50,2018-11-26,14.934,15.1406,14.9045,14.9832,6330,483137,1.0617,846000,64423,,,TSE
0050 元大台灣50,2018-11-27,14.9438,14.9635,14.7963,14.9635,7625,576522,-0.1313,851000,64719,,,TSE
0050 元大台灣50,2018-11-28,14.9832,15.1406,14.9045,15.1308,7549,577452,1.1177,851000,65442,,,TSE
0050 元大台灣50,2018-11-29,15.2882,15.3374,15.1603,15.1603,8881,687927,0.1951,872500,67226,,,TSE
0050 元大台灣50,2018-11-30,15.1898,15.2193,15.1013,15.1013,4210,324711,-0.3894,873000,67003,,,TSE
0050 元大台灣50,2018-12-03,15.3177,15.544,15.3079,15.5046,13850,1088593,2.671,873000,68792,,,TSE
0050 元大台灣50,2018-12-04,15.4456,15.4456,15.3669,15.3964,4118,322426,-0.698,873000,68312,,,TSE
0050 元大台灣50,2018-12-05,15.1701,15.1898,15.0816,15.0816,9636,740544,-2.0447,873000,66915,,,TSE
0050 元大台灣50,2018-12-06,14.9242,14.9242,14.7274,14.7766,20347,1529965,-2.0222,873500,65600,,,TSE
0050 元大台灣50,2018-12-07,14.875,14.9045,14.816,14.8455,6781,512288,0.466,887500,66962,,,TSE
0050 元大台灣50,2018-12-10,14.6585,14.7372,14.6487,14.6487,13013,970567,-1.3254,888000,66112,,,TSE
0050 元大台灣50,2018-12-11,14.6585,14.7766,14.6487,14.7668,5316,397657,0.8059,888000,66644,,,TSE
0050 元大台灣50,2018-12-12,14.8848,15.0029,14.8356,14.993,8677,658099,1.5323,888000,67666,,,TSE
0050 元大台灣50,2018-12-13,14.993,15.0521,14.9438,15.0127,6253,476968,0.1312,895000,68289,,,TSE
0050 元大台灣50,2018-12-14,14.9143,14.9143,14.7471,14.8258,8780,660320,-1.2451,900000,67815,,,TSE
0050 元大台灣50,2018-12-17,14.8258,14.9635,14.7864,14.9438,5652,428269,0.7963,900000,68355,,,TSE
0050 元大台灣50,2018-12-18,14.8553,14.8651,14.7668,14.816,7669,577586,-0.8558,911500,68636,,,TSE
0050 元大台灣50,2018-12-19,14.8553,14.9438,14.8258,14.934,4497,340689,0.7968,910500,69107,,,TSE
0050 元大台灣50,2018-12-20,14.7569,14.8651,14.7569,14.7668,9561,718960,-1.1199,910500,68333,,,TSE
0050 元大台灣50,2018-12-21,14.7471,14.8061,14.6487,14.7963,8481,634702,0.1999,911000,68507,,,TSE
0050 元大台灣50,2018-12-22,14.7274,14.7274,14.6979,14.7274,3002,224452,-0.4654,917000,68637,,,TSE
0050 元大台灣50,2018-12-24,14.7274,14.7569,14.6684,14.6979,5952,444475,-0.2004,917000,68500,,,TSE
0050 元大台灣50,2018-12-25,14.5897,14.5897,14.4224,14.511,12071,888095,-1.2718,930500,68624,,,TSE
0050 元大台灣50,2018-12-26,14.5602,14.6192,14.4618,14.4716,8919,658916,-0.2712,935500,68806,,,TSE
0050 元大台灣50,2018-12-27,14.7176,14.7864,14.6585,14.7668,9615,719358,2.0394,935500,70209,,,TSE
0050 元大台灣50,2018-12-28,14.7766,14.8553,14.7274,14.8553,4629,348222,0.5996,936500,70706,,,TSE
0050 元大台灣50,2019-01-02,14.9242,14.934,14.5503,14.57,8532,636107,-1.9205,941500,69718,,,TSE
0050 元大台灣50,2019-01-03,14.5208,14.5602,14.4126,14.4323,13347,981181,-0.9453,947000,69462,,,TSE
0050 元大台灣50,2019-01-04,14.3241,14.3241,14.1666,14.206,21292,1540084,-1.5678,960500,69348,,,TSE
0050 元大台灣50,2019-01-07,14.4716,14.57,14.4126,14.5503,14605,1077319,2.4238,966000,71436,,,TSE
0050 元大台灣50,2019-01-08,14.5897,14.5897,14.4716,14.4913,11006,811364,-0.4057,966000,71146,,,TSE
0050 元大台灣50,2019-01-09,14.5503,14.7864,14.5503,14.7569,11430,855269,1.833,966000,72450,,,TSE
0050 元大台灣50,2019-01-10,14.7176,14.7372,14.6585,14.7176,2823,210937,-0.2667,965000,72182,,,TSE
0050 元大台灣50,2019-01-11,14.816,14.9045,14.7864,14.8553,10362,782200,0.9358,965000,72858,,,TSE
0050 元大台灣50,2019-01-14,14.8455,14.8455,14.7077,14.7569,5298,397504,-0.6623,965000,72375,,,TSE
0050 元大台灣50,2019-01-15,14.7668,14.9143,14.7668,14.8848,11836,894286,0.8667,974000,73683,,,TSE
0050 元大台灣50,2019-01-16,14.8848,14.8947,14.8258,14.8651,15342,1159613,-0.1322,974000,73586,,,TSE
0050 元大台灣50,2019-01-17,14.875,14.934,14.7864,14.8651,10020,756877,0.0,973500,73548,,,TSE
0050 元大台灣50,2019-01-18,14.9045,14.9734,14.8356,14.9438,8293,629378,0.5295,973500,73937,,,TSE
0050 元大台灣50,2019-01-21,15.0225,15.0914,15.0029,15.0521,10454,799923,0.7242,958500,73325,,,TSE
0050 元大台灣50,2019-01-22,15.0926,15.0926,14.9708,15.0216,8838,653814,-0.1961,959500,71051,,,TSE
0050 元大台灣50,2019-01-23,15.0114,15.0114,14.9404,14.9506,6407,472728,-0.4727,964500,71084,,,TSE
0050 元大台灣50,2019-01-24,15.0013,15.0418,14.9607,15.0216,3500,258832,0.4749,964500,71421,,,TSE
0050 元大台灣50,2019-01-25,15.1331,15.2346,15.123,15.2143,7320,548115,1.2829,964500,72338,,,TSE
0050 元大台灣50,2019-01-28,15.2447,15.3056,15.2244,15.2447,3825,287814,0.2,964500,72482,,,TSE
0050 元大台灣50,2019-01-29,15.1128,15.123,15.052,15.1128,4419,328663,-0.8649,964500,71855,,,TSE
0050 元大台灣50,2019-01-30,15.1128,15.1433,15.052,15.0824,5255,390864,-0.2013,966000,71822,,,TSE
0050 元大台灣50,2019-02-11,15.2853,15.3461,15.1838,15.2447,6614,497844,1.076,966000,72595,,,TSE
0050 元大台灣50,2019-02-12,15.2853,15.3664,15.2853,15.3461,6164,465816,0.6653,966000,73078,,,TSE
0050 元大台灣50,2019-02-13,15.407,15.407,15.2954,15.3157,4157,314193,-0.1983,966000,72933,,,TSE
0050 元大台灣50,2019-02-14,15.3157,15.3664,15.265,15.265,3641,274887,-0.3311,966000,72692,,,TSE
0050 元大台灣50,2019-02-15,15.2751,15.336,15.194,15.2244,3516,264409,-0.2658,971000,72874,,,TSE
0050 元大台灣50,2019-02-18,15.3157,15.3968,15.3157,15.3461,6596,499575,0.7995,971000,73456,,,TSE
0050 元大台灣50,2019-02-19,15.3563,15.3563,15.3157,15.3157,2862,216303,-0.1983,971000,73311,,,TSE
0050 元大台灣50,2019-02-20,15.3968,15.5186,15.3968,15.4881,34307,2619961,1.1258,971000,74136,,,TSE
0050 元大台灣50,2019-02-21,15.4983,15.6403,15.4983,15.6403,18664,1433791,0.9823,971000,74864,,,TSE
0050 元大台灣50,2019-02-22,15.6098,15.6098,15.5186,15.6098,9881,758887,-0.1946,969000,74565,,,TSE
0050 元大台灣50,2019-02-25,15.691,15.7721,15.6808,15.7214,19365,1501862,0.7147,959000,74323,,,TSE
0050 元大台灣50,2019-02-26,15.7518,15.7823,15.6808,15.762,15903,1234156,0.2581,946500,73543,,,TSE
0050 元大台灣50,2019-02-27,15.762,15.762,15.691,15.7518,12907,1000792,-0.0644,946500,73496,,,TSE
0050 元大台灣50,2019-03-04,15.7316,15.7316,15.5591,15.6098,8469,652787,-0.9015,944500,72679,,,TSE
0050 元大台灣50,2019-03-05,15.5388,15.5997,15.5084,15.5693,9400,720525,-0.2599,924500,70955,,,TSE
0050 元大台灣50,2019-03-06,15.5896,15.6301,15.5693,15.6098,19579,1505450,0.2606,914500,70371,,,TSE
0050 元大台灣50,2019-03-07,15.5997,15.6301,15.5388,15.549,18239,1399918,-0.3899,911000,69828,,,TSE
0050 元大台灣50,2019-03-08,15.4577,15.4881,15.3766,15.4171,9975,758523,-0.848,911000,69236,,,TSE
0050 元大台灣50,2019-03-11,15.3867,15.4476,15.3563,15.4476,4642,352680,0.1974,911000,69373,,,TSE
0050 元大台灣50,2019-03-12,15.5896,15.7113,15.5794,15.6707,13857,1070170,1.4445,911000,70375,,,TSE
0050 元大台灣50,2019-03-13,15.6301,15.6606,15.5794,15.6403,10148,781685,-0.1942,894000,68927,,,TSE
0050 元大台灣50,2019-03-14,15.6808,15.7011,15.6098,15.6301,5208,402155,-0.0649,884500,68151,,,TSE
0050 元大台灣50,2019-03-15,15.691,15.762,15.6504,15.7417,11483,890275,0.7138,884500,68637,,,TSE
0050 元大台灣50,2019-03-18,15.7721,15.8431,15.7518,15.8431,12218,952368,0.6443,884500,69079,,,TSE
0050 元大台灣50,2019-03-19,15.8431,15.904,15.7924,15.904,8604,672547,0.3841,884500,69345,,,TSE
0050 元大台灣50,2019-03-20,15.8938,15.9344,15.8634,15.9243,11856,929902,0.1276,884500,69433,,,TSE
0050 元大台灣50,2019-03-21,15.9851,16.0561,15.9547,16.0561,11341,894798,0.828,870500,68900,,,TSE
0050 元大台灣50,2019-03-22,16.1271,16.1677,16.0358,16.0967,6930,550253,0.2527,870500,69074,,,TSE
0050 元大台灣50,2019-03-25,15.8431,15.8938,15.8228,15.8533,7020,548329,-1.5123,869500,67951,,,TSE
0050 元大台灣50,2019-03-26,15.9243,15.9648,15.904,15.9547,2700,212178,0.6398,865000,68032,,,TSE
0050 元大台灣50,2019-03-27,15.9141,15.9648,15.8634,15.9243,2555,200669,-0.1907,865000,67903,,,TSE
0050 元大台灣50,2019-03-28,15.8837,15.9446,15.8533,15.9243,3415,267952,0.0,865000,67903,,,TSE
0050 元大台灣50,2019-03-29,15.9648,16.0561,15.8736,16.0561,5680,448318,0.828,865000,68465,,,TSE
0050 元大台灣50,2019-04-01,16.2286,16.3097,16.1474,16.1981,11053,886568,0.8844,865000,69070,,,TSE
0050 元大台灣50,2019-04-02,16.2488,16.3198,16.2488,16.259,5605,449896,0.3757,865000,69330,,,TSE
0050 元大台灣50,2019-04-03,16.3097,16.3198,16.2184,16.259,6867,550702,0.0,865000,69330,,,TSE
0050 元大台灣50,2019-04-08,16.3908,16.4314,16.3706,16.4111,7990,646213,0.9357,865000,69979,,,TSE
0050 元大台灣50,2019-04-09,16.4213,16.5126,16.401,16.5126,15272,1239718,0.618,865000,70411,,,TSE
0050 元大台灣50,2019-04-10,16.4517,16.543,16.4517,16.5328,10863,883369,0.1229,865000,70498,,,TSE
0050 元大台灣50,2019-04-11,16.5024,16.543,16.4111,16.4618,8272,671920,-0.4294,865000,70195,,,TSE
0050 元大台灣50,2019-04-12,16.4618,16.4923,16.4314,16.4517,7498,608347,-0.0616,865000,70152,,,TSE
0050 元大台灣50,2019-04-15,16.5633,16.6343,16.543,16.6038,7681,628500,0.9248,865000,70800,,,TSE
0050 元大台灣50,2019-04-16,16.6038,16.6647,16.5937,16.6546,7767,637026,0.3054,865000,71017,,,TSE
0050 元大台灣50,2019-04-17,16.6951,16.8168,16.6951,16.7864,23104,1911820,0.7917,830000,68683,,,TSE
0050 元大台灣50,2019-04-18,16.8168,16.9081,16.7256,16.7763,20690,1716538,-0.0604,828000,68476,,,TSE
0050 元大台灣50,2019-04-19,16.8878,16.9386,16.7763,16.7966,12515,1038666,0.1209,828000,68558,,,TSE
0050 元大台灣50,2019-04-22,16.8371,16.8574,16.7661,16.7763,2874,238232,-0.1208,828000,68476,,,TSE
0050 元大台灣50,2019-04-23,16.7763,16.8777,16.7458,16.8473,6012,498598,0.4232,828500,68807,,,TSE
0050 元大台灣50,2019-04-24,16.9183,16.9487,16.8168,16.8777,3108,258856,0.1806,827500,68848,,,TSE
0050 元大台灣50,2019-04-25,16.8574,16.9284,16.8371,16.9183,3529,293890,0.2404,827500,69014,,,TSE
0050 元大台灣50,2019-04-26,16.7966,16.7966,16.6748,16.7256,3815,314520,-1.1391,827500,68227,,,TSE
0050 元大台灣50,2019-04-29,16.756,16.827,16.7357,16.7966,3161,261464,0.4245,827500,68517,,,TSE
0050 元大台灣50,2019-04-30,16.7966,16.8168,16.7154,16.7966,3247,268471,0.0,807500,66861,,,TSE
0050 元大台灣50,2019-05-02,16.827,16.9284,16.8168,16.8371,6155,511743,0.2415,787500,65363,,,TSE
0050 元大台灣50,2019-05-03,16.8574,16.9994,16.8574,16.9893,30324,2531398,0.9036,787500,65953,,,TSE
0050 元大台灣50,2019-05-06,16.756,16.756,16.6444,16.6951,7463,614195,-1.7313,760500,62589,,,TSE
0050 元大台灣50,2019-05-07,16.7661,16.898,16.7661,16.8676,14011,1163500,1.0328,757500,62986,,,TSE
0050 元大台灣50,2019-05-08,16.7154,16.8067,16.685,16.7458,13573,1120446,-0.7216,755500,62367,,,TSE
0050 元大台灣50,2019-05-09,16.6647,16.6748,16.4821,16.543,6923,565348,-1.2114,753000,61407,,,TSE
0050 元大台灣50,2019-05-10,16.543,16.6647,16.4111,16.5328,11794,961017,-0.0613,753000,61370,,,TSE
0050 元大台灣50,2019-05-13,16.4517,16.4517,16.2488,16.259,18678,1503424,-1.6564,736000,58990,,,TSE
0050 元大台灣50,2019-05-14,16.1474,16.2387,16.0054,16.1576,20279,1613491,-0.6238,754000,60056,,,TSE
0050 元大台灣50,2019-05-15,16.1576,16.2286,16.117,16.1778,17261,1376616,0.1255,754000,60132,,,TSE
0050 元大台灣50,2019-05-16,16.1271,16.1474,16.0257,16.0358,17099,1355088,-0.8777,769000,60789,,,TSE
0050 元大台灣50,2019-05-17,16.1271,16.1373,15.8736,15.8736,23573,1854550,-1.012,769000,60174,,,TSE
0050 元大台灣50,2019-05-20,15.9243,15.9851,15.8533,15.8634,14304,1121570,-0.0639,769000,60136,,,TSE
0050 元大台灣50,2019-05-21,15.8228,15.9141,15.762,15.904,19814,1548066,0.2558,772000,60525,,,TSE
0050 元大台灣50,2019-05-22,15.8634,15.9547,15.8431,15.904,10557,827306,0.0,772000,60525,,,TSE
0050 元大台灣50,2019-05-23,15.7924,15.7924,15.5896,15.6098,25682,1979998,-1.8495,772500,59444,,,TSE
0050 元大台灣50,2019-05-24,15.6301,15.7214,15.62,15.691,6029,465499,0.5198,773500,59830,,,TSE
0050 元大台灣50,2019-05-27,15.7214,15.7214,15.5896,15.6504,11541,890073,-0.2586,778500,60061,,,TSE
0050 元大台灣50,2019-05-28,15.6707,15.6707,15.5896,15.6403,9812,755742,-0.0648,778500,60022,,,TSE
0050 元大台灣50,2019-05-29,15.5186,15.5794,15.478,15.5693,9659,740038,-0.454,779500,59827,,,TSE
0050 元大台灣50,2019-05-30,15.5693,15.7214,15.5693,15.7011,7658,591824,0.8469,780500,60411,,,TSE
0050 元大台灣50,2019-05-31,15.691,15.9141,15.6808,15.9141,7566,590619,1.3566,805500,63191,,,TSE
0050 元大台灣50,2019-06-03,15.8634,15.9547,15.7518,15.9344,6017,470593,0.1275,827500,65000,,,TSE
0050 元大台灣50,2019-06-04,15.9141,15.9446,15.8228,15.833,7228,565425,-0.6365,867500,67708,,,TSE
0050 元大台灣50,2019-06-05,15.9953,16.0156,15.8736,15.8837,7051,554017,0.3203,912500,71449,,,TSE
0050 元大台灣50,2019-06-06,15.762,15.7924,15.7113,15.762,7456,579216,-0.7663,953500,74087,,,TSE
0050 元大台灣50,2019-06-10,15.9547,16.0358,15.8938,16.0358,7666,604180,1.7375,1108000,87587,,,TSE
0050 元大台灣50,2019-06-11,16.0663,16.188,16.0358,16.1068,10623,844354,0.4428,1301000,103299,,,TSE
0050 元大台灣50,2019-06-12,16.1068,16.188,16.0764,16.1677,9258,736850,0.3778,1463000,116601,,,TSE
0050 元大台灣50,2019-06-13,16.1068,16.1373,16.0156,16.0358,5914,468466,-0.8156,1618000,127903,,,TSE
0050 元大台灣50,2019-06-14,16.0257,16.0561,15.9851,16.0054,3164,249813,-0.1898,1712500,135116,,,TSE
0050 元大台灣50,2019-06-17,15.9141,16.0156,15.8431,15.9648,6141,483052,-0.2535,1810000,142447,,,TSE
0050 元大台灣50,2019-06-18,15.9851,16.0257,15.9446,16.0054,2890,227779,0.2541,1705000,134525,,,TSE
0050 元大台灣50,2019-06-19,16.2286,16.3908,16.2184,16.3807,21832,1754258,2.3447,1705000,137679,,,TSE
0050 元大台灣50,2019-06-20,16.3807,16.4314,16.3604,16.401,11581,936579,0.1238,1705000,137849,,,TSE
0050 元大台灣50,2019-06-21,16.4517,16.472,16.3908,16.401,15343,1243301,0.0,1705000,137849,,,TSE
0050 元大台灣50,2019-06-24,16.3908,16.5328,16.3706,16.472,16600,1347119,0.4329,1705000,138446,,,TSE
0050 元大台灣50,2019-06-25,16.4618,16.5126,16.3503,16.3807,7941,643677,-0.5542,1705000,137679,,,TSE
0050 元大台灣50,2019-06-26,16.3503,16.3503,16.2793,16.2996,5913,475566,-0.4954,1701000,136675,,,TSE
0050 元大台灣50,2019-06-27,16.3401,16.5531,16.3401,16.5328,15351,1248736,1.4312,1701000,138632,,,TSE
0050 元大台灣50,2019-06-28,16.5227,16.543,16.401,16.4111,3940,319369,-0.7362,1701000,137611,,,TSE
0050 元大台灣50,2019-07-01,16.6444,16.7966,16.6444,16.7661,13771,1137417,2.1632,1701000,140588,,,TSE
0050 元大台灣50,2019-07-02,16.7661,16.7763,16.7154,16.7256,5209,429828,-0.242,1701000,140247,,,TSE
0050 元大台灣50,2019-07-03,16.7053,16.7053,16.5024,16.5328,8615,703409,-1.1522,1697000,138306,,,TSE
0050 元大台灣50,2019-07-04,16.5937,16.6748,16.5937,16.6343,5777,473795,0.6135,1697000,139154,,,TSE
0050 元大台灣50,2019-07-05,16.6546,16.7053,16.5937,16.614,1612,132235,-0.122,1697000,138984,,,TSE
0050 元大台灣50,2019-07-08,16.5937,16.6343,16.5126,16.5531,3859,315505,-0.3663,1697000,138475,,,TSE
0050 元大台灣50,2019-07-09,16.5836,16.5836,16.5126,16.5328,4083,333023,-0.1225,1697000,138306,,,TSE
0050 元大台灣50,2019-07-10,16.6241,16.685,16.6038,16.6748,4427,363405,0.8589,1697000,139493,,,TSE
0050 元大台灣50,2019-07-11,16.7661,16.8473,16.7357,16.8067,10379,860205,0.7908,1689500,139975,,,TSE
0050 元大台灣50,2019-07-12,16.8067,16.8371,16.7763,16.7864,2972,246251,-0.1207,1689500,139806,,,TSE
0050 元大台灣50,2019-07-15,16.8067,16.9081,16.685,16.8777,9336,775528,0.5438,1689500,140566,,,TSE
0050 元大台灣50,2019-07-16,16.8777,16.9284,16.8676,16.9081,5503,458848,0.1803,1631500,135986,,,TSE
0050 元大台灣50,2019-07-17,16.8878,16.8878,16.7966,16.7966,10598,879178,-0.6599,1611000,133391,,,TSE
0050 元大台灣50,2019-07-18,16.756,16.827,16.756,16.7763,7541,624408,-0.1208,1525500,126159,,,TSE
0050 元大台灣50,2019-07-19,16.9809,17.073,16.9809,16.9809,9780,814129,1.2092,1525500,126617,,,TSE
0050 元大台灣50,2019-07-22,17.0013,17.0832,17.0013,17.0627,8368,698062,0.4819,1524500,127143,,,TSE
0050 元大台灣50,2019-07-23,17.1036,17.165,17.0832,17.1036,5899,493687,0.2398,1524000,127406,,,TSE
0050 元大台灣50,2019-07-24,17.1343,17.165,17.0934,17.0934,3364,281628,-0.0598,1524000,127330,,,TSE
0050 元大台灣50,2019-07-25,17.0934,17.1446,17.0627,17.1446,4931,412670,0.2992,1523000,127627,,,TSE
0050 元大台灣50,2019-07-26,17.0627,17.0627,17.0218,17.032,3129,260812,-0.6563,1513500,125999,,,TSE
0050 元大台灣50,2019-07-29,17.0013,17.073,16.9911,17.073,3042,253325,0.2402,1511500,126135,,,TSE
0050 元大台灣50,2019-07-30,17.1036,17.1241,17.0218,17.0218,2083,173777,-0.2996,1511500,125757,,,TSE
0050 元大台灣50,2019-07-31,17.0116,17.0116,16.8684,16.94,3119,258060,-0.4808,1511500,125152,,,TSE
0050 元大台灣50,2019-08-01,16.8172,16.8888,16.7968,16.8377,5042,414858,-0.6039,1502000,123615,,,TSE
0050 元大台灣50,2019-08-02,16.5819,16.6126,16.4899,16.5615,16846,1362560,-1.6403,1496500,121142,,,TSE
0050 元大台灣50,2019-08-05,16.5103,16.541,16.3467,16.3978,20659,1657565,-0.9883,1496500,119944,,,TSE
0050 元大台灣50,2019-08-06,16.0909,16.4592,16.0602,16.3876,24901,1968227,-0.0624,1499000,120070,,,TSE
0050 元大台灣50,2019-08-07,16.3978,16.408,16.2751,16.3057,16856,1345630,-0.4994,1499000,119470,,,TSE
0050 元大台灣50,2019-08-08,16.3773,16.5308,16.3671,16.5001,5036,405560,1.192,1499000,120894,,,TSE
0050 元大台灣50,2019-08-12,16.5001,16.541,16.3978,16.4899,3168,255436,-0.062,1499000,120819,,,TSE
0050 元大台灣50,2019-08-13,16.3978,16.3978,16.2751,16.3057,7431,593128,-1.1166,1499000,119470,,,TSE
0050 元大台灣50,2019-08-14,16.5103,16.5308,16.4285,16.4285,7382,595173,0.7528,1499000,120370,,,TSE
0050 元大台灣50,2019-08-15,16.2034,16.2853,16.183,16.2444,15972,1267223,-1.1208,1499000,119021,,,TSE
0050 元大台灣50,2019-08-16,16.2546,16.4387,16.2137,16.4387,6158,492012,1.1965,1455500,116949,,,TSE
0050 元大台灣50,2019-08-19,16.5206,16.5513,16.4285,16.5308,6475,522065,0.56,1460500,118008,,,TSE
0050 元大台灣50,2019-08-20,16.541,16.5922,16.5308,16.5717,4179,338309,0.2475,1425500,115466,,,TSE
0050 元大台灣50,2019-08-21,16.5615,16.6024,16.5513,16.5922,6092,493794,0.1235,1425500,115608,,,TSE
0050 元大台灣50,2019-08-22,16.6331,16.7047,16.5308,16.5513,9379,763036,-0.2466,1425500,115323,,,TSE
0050 元大台灣50,2019-08-23,16.5513,16.5922,16.5206,16.5717,3211,259903,0.1236,1425500,115466,,,TSE
0050 元大台灣50,2019-08-26,16.3262,16.3876,16.2853,16.2955,12292,980575,-1.6667,1425500,113541,,,TSE
0050 元大台灣50,2019-08-27,16.3978,16.408,16.316,16.3364,2535,202789,0.2511,1425500,113826,,,TSE
0050 元大台灣50,2019-08-28,16.3876,16.4796,16.3876,16.449,3318,266715,0.6888,1425500,114610,,,TSE
0050 元大台灣50,2019-08-29,16.4592,16.4899,16.3671,16.4796,3233,259494,0.1866,1425500,114824,,,TSE
0050 元大台灣50,2019-08-30,16.6024,16.7558,16.6024,16.7456,19370,1581406,1.6139,1425500,116677,,,TSE
0050 元大台灣50,2019-09-02,16.7354,16.7763,16.7047,16.7558,6457,528610,0.0611,1425500,116748,,,TSE
0050 元大台灣50,2019-09-03,16.7456,16.7763,16.6126,16.6126,5052,413343,-0.8547,1277500,103733,,,TSE
0050 元大台灣50,2019-09-04,16.6638,16.8172,16.6535,16.807,10748,881536,1.17,1277500,104947,,,TSE
0050 元大台灣50,2019-09-05,16.8888,17.0218,16.8888,16.9809,25429,2110355,1.0347,1280000,106240,,,TSE
0050 元大台灣50,2019-09-06,17.032,17.0934,17.032,17.0832,17226,1437582,0.6024,1280000,106880,,,TSE
0050 元大台灣50,2019-09-09,17.1241,17.1855,17.1139,17.1446,12633,1058619,0.3593,1275500,106887,,,TSE
0050 元大台灣50,2019-09-10,17.1752,17.1752,17.0218,17.0627,5171,431764,-0.4773,1242000,103583,,,TSE
0050 元大台灣50,2019-09-11,17.1343,17.165,17.0423,17.073,4746,396473,0.06,1242000,103645,,,TSE
0050 元大台灣50,2019-09-12,17.2059,17.2366,17.1343,17.165,9281,779861,0.5392,1262000,105882,,,TSE
0050 元大台灣50,2019-09-16,17.1855,17.2775,17.1752,17.2673,10929,920529,0.5959,1284500,108412,,,TSE
0050 元大台灣50,2019-09-17,17.2673,17.2775,17.2264,17.2366,4966,418697,-0.1777,1289500,108640,,,TSE
0050 元大台灣50,2019-09-18,17.2673,17.3901,17.2571,17.3798,16999,1442542,0.8309,1289500,109543,,,TSE
0050 元大台灣50,2019-09-19,17.3798,17.4208,17.2673,17.2775,7777,658987,-0.5886,1179500,99609,,,TSE
0050 元大台灣50,2019-09-20,17.3185,17.3696,17.3185,17.3287,8231,697865,0.296,1179500,99904,,,TSE
0050 元大台灣50,2019-09-23,17.3185,17.3594,17.2878,17.2878,4369,369772,-0.2361,1079000,91176,,,TSE
0050 元大台灣50,2019-09-24,17.2878,17.3594,17.2571,17.3185,4852,410605,0.1775,910500,77074,,,TSE
0050 元大台灣50,2019-09-25,17.2571,17.2571,17.165,17.2059,3927,330124,-0.6497,793000,66691,,,TSE
0050 元大台灣50,2019-09-26,17.2775,17.3287,17.2162,17.2469,5194,438729,0.2378,781000,65838,,,TSE
0050 元大台灣50,2019-09-27,17.3696,17.431,17.2878,17.3082,8884,752473,0.3559,781000,66073,,,TSE
0050 元大台灣50,2019-10-01,17.3491,17.5947,17.3491,17.5844,9595,821807,1.5957,781000,67127,,,TSE
0050 元大台灣50,2019-10-02,17.5128,17.5742,17.5128,17.523,5653,484713,-0.349,781000,66893,,,TSE
0050 元大台灣50,2019-10-03,17.2673,17.4105,17.2469,17.3491,4868,412892,-0.9924,781000,66229,,,TSE
0050 元大台灣50,2019-10-04,17.431,17.4719,17.3389,17.4208,3746,318959,0.4127,781000,66502,,,TSE
0050 元大台灣50,2019-10-07,17.4719,17.523,17.431,17.4821,4140,353756,0.3523,779500,66608,,,TSE
0050 元大台灣50,2019-10-08,17.564,17.7174,17.564,17.6969,12195,1054012,1.2288,779500,67427,,,TSE
0050 元大台灣50,2019-10-09,17.6253,17.6356,17.5537,17.5537,6916,594801,-0.8092,779500,66881,,,TSE
0050 元大台灣50,2019-10-14,17.7992,17.9118,17.7992,17.9118,9491,828885,2.0396,779500,68245,,,TSE
0050 元大台灣50,2019-10-15,17.9118,17.9731,17.8606,17.9425,4377,383575,0.1713,779500,68362,,,TSE
0050 元大台灣50,2019-10-16,18.0038,18.0345,17.9731,18.0243,3983,350582,0.4561,753500,66383,,,TSE
0050 元大台灣50,2019-10-17,18.0141,18.0345,17.9629,18.0345,2540,223655,0.0568,718500,63336,,,TSE
0050 元大台灣50,2019-10-18,18.0345,18.1368,17.9834,17.9936,2815,248106,-0.2269,707000,62181,,,TSE
0050 元大台灣50,2019-10-21,17.9936,18.0038,17.9527,17.9731,1077,94700,-0.1137,707000,62110,,,TSE
0050 元大台灣50,2019-10-22,18.0447,18.1675,18.0447,18.147,3256,288438,0.9676,707000,62711,,,TSE
0050 元大台灣50,2019-10-23,18.147,18.1675,18.0652,18.0959,2580,228554,-0.2818,703000,62180,,,TSE
0050 元大台灣50,2019-10-24,18.147,18.1675,18.1061,18.1675,2579,228735,0.3957,703000,62426,,,TSE
0050 元大台灣50,2019-10-25,18.2493,18.2493,18.1266,18.1675,7971,708933,0.0,701000,62249,,,TSE
0050 元大台灣50,2019-10-28,18.2596,18.2698,18.2084,18.2493,5009,446669,0.4505,701000,62529,,,TSE
0050 元大台灣50,2019-10-29,18.3107,18.3414,18.28,18.3005,7410,663510,0.2803,701000,62704,,,TSE
0050 元大台灣50,2019-10-30,18.3005,18.3823,18.2698,18.3823,5384,482121,0.4472,701000,62985,,,TSE
0050 元大台灣50,2019-10-31,18.3926,18.5358,18.3926,18.4335,9458,854001,0.2782,701000,63160,,,TSE
0050 元大台灣50,2019-11-01,18.413,18.4539,18.3619,18.4335,2806,252465,0.0,701000,63160,,,TSE
0050 元大台灣50,2019-11-04,18.5255,18.8733,18.5255,18.8631,6730,615367,2.3307,701000,64632,,,TSE
0050 元大台灣50,2019-11-05,18.904,19.0063,18.8938,19.0063,3966,367357,0.7592,701000,65123,,,TSE
0050 元大台灣50,2019-11-06,19.0165,19.0984,18.9756,19.0984,4494,418107,0.4844,701000,65438,,,TSE
0050 元大台灣50,2019-11-07,19.0677,19.0677,18.8938,18.9961,3050,282827,-0.5356,702000,65181,,,TSE
0050 元大台灣50,2019-11-08,19.0268,19.037,18.904,18.9347,2890,267788,-0.3231,694500,64276,,,TSE
0050 元大台灣50,2019-11-11,18.904,18.9143,18.6278,18.6483,5859,535835,-1.5127,694500,63304,,,TSE
0050 元大台灣50,2019-11-12,18.7301,18.8222,18.7301,18.8222,2426,222545,0.9325,694500,63894,,,TSE
0050 元大台灣50,2019-11-13,18.7301,18.7506,18.6278,18.7097,1935,176904,-0.5978,694500,63512,,,TSE
0050 元大台灣50,2019-11-14,18.7404,18.7813,18.6585,18.6994,2174,198947,-0.0547,694500,63477,,,TSE
0050 元大台灣50,2019-11-15,18.8222,18.9245,18.8222,18.8836,2510,231639,0.9847,696000,64241,,,TSE
0050 元大台灣50,2019-11-18,18.9245,19.0063,18.904,19.0063,2087,193351,0.6501,696000,64658,,,TSE
0050 元大台灣50,2019-11-19,19.0063,19.1495,18.9552,19.1495,2821,263329,0.7535,696000,65146,,,TSE
0050 元大台灣50,2019-11-20,19.1495,19.1495,19.0472,19.0779,7954,741833,-0.3739,689500,64296,,,TSE
0050 元大台灣50,2019-11-21,18.8836,18.9347,18.7813,18.9245,3283,302750,-0.8043,691000,63918,,,TSE
0050 元大台灣50,2019-11-22,18.9347,18.9756,18.904,18.9347,1506,139445,0.0541,693500,64183,,,TSE
0050 元大台灣50,2019-11-25,19.0268,19.0472,18.9347,18.9449,2520,234066,0.054,701000,64913,,,TSE
0050 元大台灣50,2019-11-26,19.0165,19.0882,18.9859,18.9961,3827,355795,0.27,701000,65088,,,TSE
0050 元大台灣50,2019-11-27,18.9961,19.0677,18.9756,19.0677,1957,181984,0.377,702500,65473,,,TSE
0050 元大台灣50,2019-11-28,19.0779,19.0779,18.9859,19.0165,1352,125715,-0.2682,735000,68318,,,TSE
0050 元大台灣50,2019-11-29,18.9961,18.9961,18.7097,18.7199,5344,490829,-1.56,735000,67253,,,TSE
0050 元大台灣50,2019-12-02,18.812,18.8529,18.771,18.8324,2068,190189,0.6011,735000,67657,,,TSE
0050 元大台灣50,2019-12-03,18.7608,18.8631,18.7404,18.8324,1410,129802,0.0,736500,67795,,,TSE
0050 元大台灣50,2019-12-04,18.7915,18.8017,18.6994,18.7608,2310,211810,-0.3802,702500,64419,,,TSE
0050 元大台灣50,2019-12-05,18.8938,19.0268,18.8631,19.0063,3441,319239,1.3086,702500,65262,,,TSE
0050 元大台灣50,2019-12-06,19.0882,19.1291,18.9756,19.037,3394,316362,0.1615,702500,65368,,,TSE
0050 元大台灣50,2019-12-09,19.0677,19.1904,19.0677,19.1598,2912,272545,0.6448,704500,65976,,,TSE
0050 元大台灣50,2019-12-10,19.1086,19.1086,18.9859,19.0268,5465,508711,-0.6941,704500,65519,,,TSE
0050 元大台灣50,2019-12-11,19.0268,19.1802,19.0165,19.1802,1936,181023,0.8065,737500,69141,,,TSE
0050 元大台灣50,2019-12-12,19.303,19.661,19.303,19.6099,8420,805189,2.24,770500,73852,,,TSE
0050 元大台灣50,2019-12-13,19.794,19.927,19.7838,19.8247,5880,570464,1.0955,803500,77859,,,TSE
0050 元大台灣50,2019-12-16,19.8349,19.8554,19.7735,19.8144,4482,434247,-0.0516,820000,79417,,,TSE
0050 元大台灣50,2019-12-17,19.794,20.0804,19.7838,20.0804,4703,458806,1.3423,820000,80483,,,TSE
0050 元大台灣50,2019-12-18,20.0497,20.1111,20.0088,20.0906,3762,368980,0.0509,820000,80524,,,TSE
0050 元大台灣50,2019-12-19,20.0804,20.0906,19.9577,19.9781,2271,222130,-0.5601,820000,80073,,,TSE
0050 元大台灣50,2019-12-20,19.9577,19.9577,19.7838,19.8349,3353,325788,-0.7168,813000,78820,,,TSE
0050 元大台灣50,2019-12-23,19.8451,19.9065,19.8349,19.8758,3416,331574,0.2063,716000,69559,,,TSE
0050 元大台灣50,2019-12-24,19.9065,19.9372,19.8861,19.8861,1409,137094,0.0515,700500,68089,,,TSE
0050 元大台灣50,2019-12-25,19.8861,19.9372,19.8554,19.9167,1789,173900,0.1543,700500,68194,,,TSE
0050 元大台灣50,2019-12-26,19.9577,19.9577,19.8656,19.9167,3095,301266,0.0,690500,67220,,,TSE
0050 元大台灣50,2019-12-27,19.9679,20.0804,19.9679,20.0497,2978,291993,0.6677,685500,67179,,,TSE
0050 元大台灣50,2019-12-30,20.0497,20.1009,19.9679,20.0088,3138,307621,-0.2041,684000,66895,,,TSE
0050 元大台灣50,2019-12-31,19.8656,19.8861,19.8349,19.8349,4303,417657,-0.8691,687000,66605,,,TSE
0050 元大台灣50,2020-01-02,19.8554,20.0497,19.8554,19.9781,4882,476649,0.722,687000,67086,,,TSE
0050 元大台灣50,2020-01-03,20.1111,20.1929,19.8451,19.9781,6813,665657,0.0,669500,65377,,,TSE
0050 元大台灣50,2020-01-06,19.8554,19.8656,19.7224,19.7224,9321,901060,-1.2801,669500,64540,,,TSE
0050 元大台灣50,2020-01-07,19.7326,19.7838,19.5178,19.661,6328,607425,-0.3112,669500,64339,,,TSE
0050 元大台灣50,2020-01-08,19.4769,19.6815,19.4462,19.5689,8516,813733,-0.4683,660500,63177,,,TSE
0050 元大台灣50,2020-01-09,19.7019,19.8656,19.7019,19.8349,7163,693086,1.3591,660500,64035,,,TSE
0050 元大台灣50,2020-01-10,19.9474,20.0088,19.8349,19.9065,9071,882408,0.361,666500,64850,,,TSE
0050 元大台灣50,2020-01-13,20.019,20.0702,19.9474,20.0497,6650,650806,0.7194,666500,65317,,,TSE
0050 元大台灣50,2020-01-14,20.152,20.2236,20.1316,20.1725,11544,1138704,0.6122,669000,65963,,,TSE
0050 元大台灣50,2020-01-15,20.1929,20.1929,19.9372,19.9679,10259,1004716,-1.0142,668000,65197,,,TSE
0050 元大台灣50,2020-01-16,19.8758,19.9474,19.8451,19.9065,8686,844614,-0.3074,668500,65045,,,TSE
0050 元大台灣50,2020-01-17,19.9883,19.9986,19.8656,19.9065,8121,791003,0.0,670000,65191,,,TSE
0050 元大台灣50,2020-01-20,19.9577,20.0497,19.9577,19.9883,6969,681688,0.4111,649000,63407,,,TSE
0050 元大台灣50,2020-01-30,19.436,19.436,18.8529,18.8529,32262,3014149,-5.6807,658500,60681,,,TSE
0050 元大台灣50,2020-01-31,19.1486,19.1486,18.9374,19.0008,22497,2030143,0.7596,686000,61706,,,TSE
0050 元大台灣50,2020-02-03,18.6945,18.8318,18.5044,18.8107,15823,1401640,-1.0006,688500,61311,,,TSE
0050 元大台灣50,2020-02-04,18.8951,19.212,18.8423,19.1381,8904,804708,1.7406,705500,63918,,,TSE
0050 元大台灣50,2020-02-05,19.2226,19.2859,19.0747,19.1909,6701,609037,0.2759,708000,64322,,,TSE
0050 元大台灣50,2020-02-06,19.3599,19.4972,19.2965,19.4972,10696,982277,1.596,704500,65025,,,TSE
0050 元大台灣50,2020-02-07,19.3599,19.3599,19.212,19.2648,9554,871832,-1.1918,709500,64706,,,TSE
0050 元大台灣50,2020-02-10,19.0113,19.2648,18.9268,19.2226,7308,661411,-0.2193,718500,65384,,,TSE
0050 元大台灣50,2020-02-11,19.2965,19.4232,19.2965,19.381,5115,468988,0.8242,718500,65922,,,TSE
0050 元大台灣50,2020-02-12,19.4338,19.6239,19.4338,19.5711,5640,521567,0.9809,722500,66940,,,TSE
0050 元大台灣50,2020-02-13,19.645,19.6979,19.5817,19.6028,5754,534947,0.1619,722500,67048,,,TSE
0050 元大台灣50,2020-02-14,19.6028,19.6979,19.55,19.6345,4988,463738,0.1616,722500,67156,,,TSE
0050 元大台灣50,2020-02-17,19.4972,19.55,19.4232,19.4972,6266,578240,-0.6993,722500,66687,,,TSE
0050 元大台灣50,2020-02-18,19.3071,19.3493,19.2226,19.2331,12529,1143154,-1.3543,719000,65465,,,TSE
0050 元大台灣50,2020-02-19,19.2543,19.4866,19.2331,19.4549,7947,730212,1.1532,721500,66450,,,TSE
0050 元大台灣50,2020-02-20,19.5077,19.5394,19.2965,19.3704,6538,599664,-0.4343,733000,67216,,,TSE
0050 元大台灣50,2020-02-21,19.3599,19.4232,19.212,19.2754,5401,493195,-0.4907,749500,68392,,,TSE
0050 元大台灣50,2020-02-24,19.0641,19.0958,18.948,19.0325,13571,1222019,-1.2603,749500,67530,,,TSE
0050 元大台灣50,2020-02-25,18.9057,19.1169,18.8951,19.0853,8840,796170,0.2775,761500,68802,,,TSE
0050 元大台灣50,2020-02-26,18.8318,18.9585,18.779,18.8951,15256,1362216,-0.9961,764000,68340,,,TSE
0050 元大台灣50,2020-02-27,18.874,18.9057,18.6628,18.7262,24688,2190387,-0.8944,765500,67862,,,TSE
0050 元大台灣50,2020-03-02,18.4832,18.6417,18.3459,18.4516,27894,2437814,-1.4664,774000,67609,,,TSE
0050 元大台灣50,2020-03-03,18.7684,18.7895,18.6417,18.7156,11071,980838,1.431,807500,71545,,,TSE
0050 元大台灣50,2020-03-04,18.7578,18.8423,18.6734,18.8423,8437,749733,0.6772,807500,72029,,,TSE
0050 元大台灣50,2020-03-05,18.9691,19.0641,18.9585,19.0536,9785,881048,1.1211,807500,72837,,,TSE
0050 元大台灣50,2020-03-06,18.9374,18.9374,18.6522,18.6628,17096,1515504,-2.051,815000,72005,,,TSE
0050 元大台灣50,2020-03-09,18.3354,18.3354,18.0819,18.1347,27734,2389878,-2.8297,815000,69968,,,TSE
0050 元大台灣50,2020-03-10,17.9551,18.2298,17.934,18.2298,23784,2031046,0.5242,830000,71629,,,TSE
0050 元大台灣50,2020-03-11,18.2614,18.2826,17.9657,18.0185,15306,1315633,-1.1587,845000,72079,,,TSE
0050 元大台灣50,2020-03-12,17.8495,17.8495,17.1419,17.3531,44910,3702402,-3.6928,887500,72908,,,TSE
0050 元大台灣50,2020-03-13,16.4765,17.1947,16.0435,17.1102,53704,4165969,-1.3999,940500,76181,,,TSE
0050 元大台灣50,2020-03-16,16.899,16.9835,16.2547,16.3286,33813,2652927,-4.5679,961000,74285,,,TSE
0050 元大台灣50,2020-03-17,15.6949,16.2019,15.6949,15.8111,51145,3843020,-3.1695,984500,73690,,,TSE
0050 元大台灣50,2020-03-18,15.8322,15.8956,15.3781,15.3781,46790,3463425,-2.7388,1045500,76112,,,TSE
0050 元大台灣50,2020-03-19,14.9978,14.9978,14.2057,14.4803,68038,4709268,-5.8379,1066000,73074,,,TSE
0050 元大台灣50,2020-03-20,14.9978,15.6315,14.9767,15.6315,40910,2966513,7.9504,1071000,79254,,,TSE
0050 元大台灣50,2020-03-23,14.9978,15.2302,14.6915,14.9556,22465,1599805,-4.3243,1061000,75119,,,TSE
0050 元大台灣50,2020-03-24,15.5999,15.9061,15.5682,15.6843,26956,2009808,4.8729,1061000,78779,,,TSE
0050 元大台灣50,2020-03-25,16.223,16.3603,16.0751,16.2336,32687,2515225,3.5017,1056000,81154,,,TSE
0050 元大台灣50,2020-03-26,16.3497,16.3603,16.054,16.3075,19215,1477391,0.4554,1056000,81523,,,TSE
0050 元大台灣50,2020-03-27,16.5399,16.6244,16.1491,16.1808,21953,1706695,-0.7772,1055000,80813,,,TSE
0050 元大台灣50,2020-03-30,15.7794,16.0857,15.6421,16.0223,13605,1021517,-0.9791,1055000,80022,,,TSE
0050 元大台灣50,2020-03-31,16.223,16.3075,15.9695,16.0857,9764,745847,0.3955,1055000,80338,,,TSE
0050 元大台灣50,2020-04-01,16.1596,16.1913,16.0223,16.0329,9948,757960,-0.3283,1055000,80075,,,TSE
0050 元大台灣50,2020-04-06,16.2547,16.2864,16.0012,16.2758,12207,935731,1.5152,1056000,81365,,,TSE
0050 元大台灣50,2020-04-07,16.5821,16.6666,16.487,16.5821,15302,1200849,1.8819,1061500,83328,,,TSE
0050 元大台灣50,2020-04-08,16.5821,16.8356,16.5504,16.8145,15230,1205900,1.4013,1061500,84495,,,TSE
0050 元大台灣50,2020-04-09,16.8673,16.9201,16.656,16.7405,15650,1242814,-0.4397,1051500,83331,,,TSE
0050 元大台灣50,2020-04-10,16.6877,16.7617,16.6244,16.7511,5824,460693,0.0631,1046500,82987,,,TSE
0050 元大台灣50,2020-04-13,16.6877,16.7722,16.5927,16.6455,7430,586896,-0.6305,1046500,82464,,,TSE
0050 元大台灣50,2020-04-14,16.6983,17.0996,16.6983,17.0996,13121,1054569,2.7284,1046500,84714,,,TSE
0050 元大台灣50,2020-04-15,17.163,17.2158,17.1102,17.1524,17361,1410800,0.3088,1041500,84570,,,TSE
0050 元大台灣50,2020-04-16,16.9412,17.1313,16.9095,17.0679,12409,1001483,-0.4926,1041500,84153,,,TSE
0050 元大台灣50,2020-04-17,17.5327,17.7439,17.4693,17.5855,34532,2879398,3.0322,1038500,86455,,,TSE
0050 元大台灣50,2020-04-20,17.5855,17.6383,17.4904,17.5327,12336,1025144,-0.3003,1038500,86196,,,TSE
0050 元大台灣50,2020-04-21,17.4587,17.4587,17.0046,17.0257,21082,1712306,-2.8916,1038500,83703,,,TSE
0050 元大台灣50,2020-04-22,16.899,17.0257,16.7933,17.0257,10896,871604,0.0,1021500,82333,,,TSE
0050 元大台灣50,2020-04-23,17.1419,17.3214,16.9623,17.0891,13298,1078973,0.3722,1021500,82639,,,TSE
0050 元大台灣50,2020-04-24,17.0679,17.1102,16.994,17.0891,5764,466004,0.0,1021500,82639,,,TSE
0050 元大台灣50,2020-04-27,17.3531,17.4482,17.2475,17.4376,13917,1144296,2.0396,1021500,84325,,,TSE
0050 元大台灣50,2020-04-28,17.5115,17.5115,17.3214,17.4376,7556,622421,0.0,1021500,84325,,,TSE
0050 元大台灣50,2020-04-29,17.5432,17.7228,17.5221,17.6805,11874,992546,1.3931,1021500,85500,,,TSE
0050 元大台灣50,2020-04-30,17.839,18.0608,17.8284,18.0608,18785,1597420,2.1505,1021500,87338,,,TSE
0050 元大台灣50,2020-05-04,17.4059,17.596,17.3637,17.5327,15648,1296408,-2.924,1021500,84785,,,TSE
0050 元大台灣50,2020-05-05,17.6383,17.7017,17.5327,17.6172,7810,651512,0.4819,1021500,85193,,,TSE
0050 元大台灣50,2020-05-06,17.596,17.6911,17.4482,17.6383,6142,511218,0.1199,1021500,85295,,,TSE
0050 元大台灣50,2020-05-07,17.6383,17.7756,17.596,17.7122,6140,514715,0.4192,1021500,85653,,,TSE
0050 元大台灣50,2020-05-08,17.8707,17.9023,17.7439,17.8178,6034,508981,0.5963,1021500,86164,,,TSE
0050 元大台灣50,2020-05-11,17.9551,18.0396,17.8918,17.9657,6655,566557,0.8299,1021500,86879,,,TSE
0050 元大台灣50,2020-05-12,17.8707,17.8707,17.67,17.7545,11549,970944,-1.1758,1021500,85857,,,TSE
0050 元大台灣50,2020-05-13,17.6805,17.8284,17.6594,17.8073,4967,417187,0.2974,1021500,86112,,,TSE
0050 元大台灣50,2020-05-14,17.7017,17.7122,17.5749,17.596,8743,729929,-1.1862,1025000,85383,,,TSE
0050 元大台灣50,2020-05-15,17.7545,17.7967,17.5432,17.7122,6190,518392,0.6603,1025000,85946,,,TSE
0050 元大台灣50,2020-05-18,17.5432,17.6277,17.4904,17.5644,8271,687412,-0.8348,1029000,85561,,,TSE
0050 元大台灣50,2020-05-19,17.8284,17.8495,17.67,17.7228,5477,460004,0.902,1029000,86333,,,TSE
0050 元大台灣50,2020-05-20,17.7439,17.7862,17.6383,17.7017,9894,830898,-0.1192,1031500,86440,,,TSE
0050 元大台灣50,2020-05-21,17.7756,17.9129,17.765,17.8495,7568,639149,0.8353,1026500,86739,,,TSE
0050 元大台灣50,2020-05-22,17.7017,17.7228,17.5115,17.5221,13354,1110886,-1.8343,1026500,85148,,,TSE
0050 元大台灣50,2020-05-25,17.5644,17.6383,17.3531,17.6383,5250,435011,0.6631,1030500,86047,,,TSE
0050 元大台灣50,2020-05-26,17.7967,17.8812,17.7122,17.839,15454,1305177,1.1377,1030500,87026,,,TSE
0050 元大台灣50,2020-05-27,17.8918,17.9235,17.7545,17.8178,4589,387703,-0.1184,1030500,86923,,,TSE
0050 元大台灣50,2020-05-28,17.934,17.934,17.6489,17.7122,7476,630228,-0.5928,1030500,86407,,,TSE
0050 元大台灣50,2020-05-29,17.6172,17.839,17.5327,17.839,5320,444529,0.7156,1030500,87026,,,TSE
0050 元大台灣50,2020-06-01,17.839,17.9868,17.8284,17.934,8365,709979,0.5329,1030500,87489,,,TSE
0050 元大台灣50,2020-06-02,17.9551,18.0608,17.9551,18.0185,11947,1019866,0.4711,1026500,87560,,,TSE
0050 元大台灣50,2020-06-03,18.1981,18.3565,18.1875,18.3354,18117,1567235,1.7585,1026500,89100,,,TSE
0050 元大台灣50,2020-06-04,18.4832,18.536,18.4093,18.5044,15036,1315498,0.9217,1023500,89659,,,TSE
0050 元大台灣50,2020-06-05,18.5255,18.6628,18.5255,18.6628,9916,873460,0.8562,1023500,90426,,,TSE
0050 元大台灣50,2020-06-08,18.779,18.9691,18.7578,18.9057,15549,1388746,1.3016,1073000,96034,,,TSE
0050 元大台灣50,2020-06-09,18.9268,18.9691,18.7895,18.9268,11356,1016232,0.1117,1138500,102010,,,TSE
0050 元大台灣50,2020-06-10,18.9374,19.1592,18.9163,19.1064,10998,992706,0.9487,1138500,102977,,,TSE
0050 元大台灣50,2020-06-11,19.1064,19.1909,18.8001,18.8107,14179,1274547,-1.5478,1185500,105569,,,TSE
0050 元大台灣50,2020-06-12,18.4304,18.6945,18.3987,18.6417,21563,1896372,-0.8984,1301500,114857,,,TSE
0050 元大台灣50,2020-06-15,18.61,18.6522,18.3565,18.3776,9573,839035,-1.4164,1384000,120408,,,TSE
0050 元大台灣50,2020-06-16,18.6205,18.8423,18.6205,18.779,10841,962708,2.1839,1433000,127394,,,TSE
0050 元大台灣50,2020-06-17,18.8423,18.8423,18.6522,18.8001,11510,1022814,0.1125,1467000,130563,,,TSE
0050 元大台灣50,2020-06-18,18.8107,18.8635,18.6628,18.779,5035,447396,-0.1124,1467000,130416,,,TSE
0050 元大台灣50,2020-06-19,18.8001,18.8318,18.7262,18.7684,2333,207473,-0.0562,1467000,130343,,,TSE
0050 元大台灣50,2020-06-22,18.7684,18.948,18.7684,18.8107,10579,943788,0.2251,1314000,117012,,,TSE
0050 元大台灣50,2020-06-23,18.9268,19.0219,18.7578,18.8951,8664,775774,0.4492,1314000,117537,,,TSE
0050 元大台灣50,2020-06-24,18.9691,19.1169,18.9691,19.0113,10061,907813,0.6149,1314000,118260,,,TSE
0050 元大台灣50,2020-06-29,18.8529,18.9268,18.7262,18.8212,9785,872080,-1.0,1314000,117077,,,TSE
0050 元大台灣50,2020-06-30,18.9163,19.0008,18.8846,18.9902,8035,720381,0.8979,1331000,119657,,,TSE
0050 元大台灣50,2020-07-01,19.0008,19.2014,19.0008,19.1169,9979,904497,0.6674,1331000,120456,,,TSE
0050 元大台灣50,2020-07-02,19.1486,19.3282,19.1381,19.3282,7601,693803,1.105,1331000,121787,,,TSE
0050 元大台灣50,2020-07-03,19.4549,19.5922,19.4549,19.55,14983,1385847,1.1475,1331000,123184,,,TSE
0050 元大台灣50,2020-07-06,19.6873,19.9196,19.6873,19.888,14469,1358063,1.7288,1331000,125314,,,TSE
0050 元大台灣50,2020-07-07,20.0675,20.1731,19.8774,19.9619,13927,1319126,0.3717,1331000,125780,,,TSE
0050 元大台灣50,2020-07-08,19.9619,20.152,19.9408,20.0992,11145,1059607,0.6878,1331000,126645,,,TSE
0050 元大台灣50,2020-07-09,20.2154,20.2471,20.0992,20.1626,7241,692045,0.3153,1326000,126567,,,TSE
0050 元大台灣50,2020-07-10,20.1837,20.2154,19.983,19.9936,11502,1094033,-0.8381,1325500,125459,,,TSE
0050 元大台灣50,2020-07-13,20.152,20.2999,20.1203,20.2893,12054,1153447,1.4791,1315500,126354,,,TSE
0050 元大台灣50,2020-07-14,20.2365,20.4161,20.2154,20.4161,13480,1295085,0.6247,1314000,126998,,,TSE
0050 元大台灣50,2020-07-15,20.5534,20.6907,20.4266,20.5006,21315,2077523,0.4139,1196000,116072,,,TSE
0050 元大台灣50,2020-07-16,20.49,20.49,20.2471,20.2999,7632,735642,-0.9789,1178500,113254,,,TSE
0050 元大台灣50,2020-07-17,20.5006,20.6379,20.4266,20.5322,18010,1751082,1.1446,1143500,111148,,,TSE
0050 元大台灣50,2020-07-20,20.5322,20.5639,20.3316,20.5006,9486,918916,-0.1543,1122500,108939,,,TSE
0050 元大台灣50,2020-07-21,20.6708,21.0857,20.6602,21.0006,24740,2433422,2.4214,1139500,112469,,,TSE
0050 元大台灣50,2020-07-22,20.9687,21.1176,20.9261,21.0538,7243,717050,0.2533,1160500,114831,,,TSE
0050 元大台灣50,2020-07-23,21.0325,21.0432,20.8729,21.0325,6008,592464,-0.1011,1149500,113628,,,TSE
0050 元大台灣50,2020-07-24,21.0644,21.2985,20.9048,20.958,17377,1724382,-0.3541,1145000,112783,,,TSE
0050 元大台灣50,2020-07-27,21.6602,22.0325,21.6602,21.9793,22874,2356342,4.8731,1144000,118175,,,TSE
0050 元大台灣50,2020-07-28,22.8198,23.1283,21.9793,22.0432,22422,2379933,0.2904,1143000,118415,,,TSE
0050 元大台灣50,2020-07-29,21.873,22.0857,21.724,21.8198,9636,992523,-1.0135,1143000,117215,,,TSE
0050 元大台灣50,2020-07-30,22.1708,22.3411,21.9793,22.1389,6587,685105,1.4627,1143000,118929,,,TSE
0050 元大台灣50,2020-07-31,22.107,22.1921,22.0113,22.0857,5314,551884,-0.2403,1143000,118643,,,TSE
0050 元大台灣50,2020-08-03,22.0113,22.0219,21.7027,21.7027,7258,744236,-1.7341,1143000,116586,,,TSE
0050 元大台灣50,2020-08-04,21.8198,21.99,21.8198,21.9793,4798,493967,1.2745,1143000,118072,,,TSE
0050 元大台灣50,2020-08-05,22.1496,22.2347,22.0751,22.1921,5106,531964,0.9681,1143000,119215,,,TSE
0050 元大台灣50,2020-08-06,22.4368,22.5432,22.3091,22.4262,7430,783441,1.0547,1143000,120472,,,TSE
0050 元大台灣50,2020-08-07,22.4581,22.4581,22.1921,22.2666,6803,712917,-0.7116,1127000,117941,,,TSE
0050 元大台灣50,2020-08-10,22.1496,22.5219,22.1496,22.4687,5905,622370,0.9078,1127000,119011,,,TSE
0050 元大台灣50,2020-08-11,22.4262,22.4794,22.2879,22.2985,3199,336459,-0.7576,1127000,118110,,,TSE
0050 元大台灣50,2020-08-12,22.1283,22.1283,21.9155,21.9687,5916,611921,-1.479,1127000,116363,,,TSE
0050 元大台灣50,2020-08-13,22.2772,22.3198,22.1389,22.1815,5461,570110,0.9685,1127000,117490,,,TSE
0050 元大台灣50,2020-08-14,22.0857,22.2347,22.0219,22.2347,3779,393960,0.2398,1127000,117772,,,TSE
0050 元大台灣50,2020-08-17,22.2347,22.49,22.1815,22.4687,5641,593122,1.0526,1127000,119011,,,TSE
0050 元大台灣50,2020-08-18,22.49,22.5326,22.2666,22.3411,3745,393780,-0.5682,1127000,118335,,,TSE
0050 元大台灣50,2020-08-19,22.3411,22.4368,22.1496,22.1815,6043,631939,-0.7143,1077500,112329,,,TSE
0050 元大台灣50,2020-08-20,22.0857,22.0857,21.0006,21.4049,18738,1897013,-3.5012,1077500,108397,,,TSE
0050 元大台灣50,2020-08-21,21.7347,21.9155,21.6389,21.873,8132,832420,2.1869,1032500,106141,,,TSE
0050 元大台灣50,2020-08-24,21.8836,22.0325,21.7666,21.9368,3718,383234,0.2918,1032500,106451,,,TSE
0050 元大台灣50,2020-08-25,22.0113,22.2028,21.99,22.107,3609,375149,0.7759,1032500,107277,,,TSE
0050 元大台灣50,2020-08-26,22.1283,22.2028,22.0432,22.1921,2665,277638,0.385,1032500,107690,,,TSE
0050 元大台灣50,2020-08-27,22.3623,22.49,22.224,22.2453,5706,599909,0.2397,1032500,107948,,,TSE
0050 元大台灣50,2020-08-28,22.0964,22.1815,21.9155,22.0219,3913,405257,-1.0043,1032500,106864,,,TSE
0050 元大台灣50,2020-08-31,22.1496,22.1815,21.6602,21.6602,5759,593120,-1.6425,1031500,105007,,,TSE
0050 元大台灣50,2020-09-01,21.7985,21.99,21.6708,21.99,5735,587861,1.5226,1031500,106606,,,TSE
0050 元大台灣50,2020-09-02,22.0538,22.1389,21.7666,21.9155,4133,425506,-0.3387,1031500,106245,,,TSE
0050 元大台灣50,2020-09-03,22.0645,22.1921,21.9581,21.9793,5129,532334,0.2913,1031500,106554,,,TSE
0050 元大台灣50,2020-09-04,21.7027,21.8517,21.6815,21.8198,5916,604970,-0.726,1031500,105780,,,TSE
0050 元大台灣50,2020-09-07,21.8198,21.9262,21.6815,21.7879,5499,563619,-0.1463,1031500,105626,,,TSE
0050 元大台灣50,2020-09-08,21.8623,21.9368,21.7985,21.9155,4504,463379,0.5859,1031500,106245,,,TSE
0050 元大台灣50,2020-09-09,21.6496,21.7772,21.5219,21.7666,6274,637408,-0.6796,1031500,105522,,,TSE
0050 元大台灣50,2020-09-10,21.873,21.99,21.8304,21.9581,3581,369033,0.8798,1031500,106451,,,TSE
0050 元大台灣50,2020-09-11,21.9581,21.99,21.873,21.9687,2905,299577,0.0484,1031500,106502,,,TSE
0050 元大台灣50,2020-09-14,22.0219,22.2453,21.9687,22.2453,5753,599428,1.2591,1031500,107843,,,TSE
0050 元大台灣50,2020-09-15,22.224,22.3836,22.1815,22.3304,5438,570384,0.3826,1031500,108256,,,TSE
0050 元大台灣50,2020-09-16,22.6709,22.7666,22.6283,22.6709,14855,1585216,1.5245,1031500,109906,,,TSE
0050 元大台灣50,2020-09-17,22.5645,22.6283,22.3623,22.4262,8748,924073,-1.0793,1031500,108720,,,TSE
0050 元大台灣50,2020-09-18,22.4262,22.49,22.3091,22.4049,4951,521608,-0.0949,1031500,108617,,,TSE
0050 元大台灣50,2020-09-21,22.3836,22.5326,22.2028,22.224,5709,599969,-0.8072,1031500,107740,,,TSE
0050 元大台灣50,2020-09-22,22.1921,22.1921,21.9049,21.9368,6636,686437,-1.2925,1000500,103152,,,TSE
0050 元大台灣50,2020-09-23,22.0219,22.0219,21.7879,21.9049,9454,930964,-0.1455,1000500,103001,,,TSE
0050 元大台灣50,2020-09-24,21.607,21.6602,21.3304,21.3729,15784,1591408,-2.4284,998000,100249,,,TSE
0050 元大台灣50,2020-09-25,21.4368,21.5857,21.2878,21.4155,9498,956362,0.1991,1003000,100952,,,TSE
0050 元大台灣50,2020-09-28,21.5644,21.7666,21.49,21.7666,6026,613784,1.6393,978500,100101,,,TSE
0050 元大台灣50,2020-09-29,21.8623,21.9687,21.7347,21.8198,3759,386035,0.2444,978500,100345,,,TSE
0050 元大台灣50,2020-09-30,21.8623,22.0113,21.8304,21.9155,3545,365486,0.4388,943000,97129,,,TSE
0050 元大台灣50,2020-10-05,22.0113,22.1389,21.9155,21.9262,5912,611109,0.0485,943000,97176,,,TSE
0050 元大台灣50,2020-10-06,22.1283,22.2028,22.0964,22.1815,6875,716387,1.1645,943000,98308,,,TSE
0050 元大台灣50,2020-10-07,22.1283,22.3411,22.0219,22.2985,4011,419191,0.5276,943000,98826,,,TSE
0050 元大台灣50,2020-10-08,22.4368,22.6283,22.4049,22.5964,13470,1426719,1.3359,943000,100147,,,TSE
0050 元大台灣50,2020-10-12,22.7028,22.9155,22.7028,22.7772,9837,1054361,0.8004,943000,100948,,,TSE
0050 元大台灣50,2020-10-13,22.8411,22.8943,22.5964,22.7879,5410,577962,0.0467,933000,99924,,,TSE
0050 元大台灣50,2020-10-14,22.7772,22.8092,22.6496,22.7028,2562,273648,-0.3735,933000,99551,,,TSE
0050 元大台灣50,2020-10-15,22.6602,22.6602,22.3623,22.49,4550,481080,-0.9372,933000,98618,,,TSE
0050 元大台灣50,2020-10-16,22.49,22.6177,22.3623,22.3943,3239,342147,-0.4257,933000,98198,,,TSE
0050 元大台灣50,2020-10-19,22.4794,22.6815,22.4687,22.6815,3459,367826,1.2827,933000,99458,,,TSE
0050 元大台灣50,2020-10-20,22.6389,22.6496,22.5538,22.5538,1414,150155,-0.5629,933000,98898,,,TSE
0050 元大台灣50,2020-10-21,22.5538,22.6709,22.4794,22.5432,8599,911039,-0.0472,935500,99116,,,TSE
0050 元大台灣50,2020-10-22,22.49,22.5751,22.4474,22.5751,2158,228303,0.1416,935500,99257,,,TSE
0050 元大台灣50,2020-10-23,22.6602,22.6921,22.4794,22.5751,3205,339926,0.0,935500,99257,,,TSE
0050 元大台灣50,2020-10-26,22.5751,22.6815,22.5113,22.5751,2918,309750,0.0,935500,99257,,,TSE
0050 元大台灣50,2020-10-27,22.5006,22.5006,22.373,22.4474,3438,362491,-0.5655,935500,98695,,,TSE
0050 元大台灣50,2020-10-28,22.4474,22.4474,22.2985,22.3411,4782,502747,-0.4739,935500,98228,,,TSE
0050 元大台灣50,2020-10-29,22.1283,22.1496,21.9687,22.0964,7191,745591,-1.0952,935500,97152,,,TSE
0050 元大台灣50,2020-10-30,22.0325,22.0432,21.8517,21.9155,6564,677255,-0.8185,940500,96872,,,TSE
0050 元大台灣50,2020-11-02,21.9474,22.0113,21.7666,22.0006,10228,1050887,0.3883,920500,95180,,,TSE
0050 元大台灣50,2020-11-03,22.1708,22.3091,22.1389,22.256,4444,464333,1.1605,925500,96807,,,TSE
0050 元大台灣50,2020-11-04,22.3411,22.5964,22.2772,22.5857,5081,536537,1.4818,925500,98242,,,TSE
0050 元大台灣50,2020-11-05,22.5964,22.6389,22.4581,22.5645,4331,459148,-0.0942,931000,98733,,,TSE
0050 元大台灣50,2020-11-06,22.6283,22.7772,22.6177,22.7028,6315,674047,0.6129,931000,99338,,,TSE
0050 元大台灣50,2020-11-09,22.9262,23.0645,22.8198,23.0007,11429,1234448,1.3121,931000,100641,,,TSE
0050 元大台灣50,2020-11-10,22.9794,22.9794,22.724,22.7879,4451,478029,-0.9251,931000,99710,,,TSE
0050 元大台灣50,2020-11-11,22.7879,23.139,22.7879,23.139,8631,935036,1.5406,931000,101246,,,TSE
0050 元大台灣50,2020-11-12,23.1921,23.2773,23.1283,23.1496,3870,421927,0.046,926000,100749,,,TSE
0050 元大台灣50,2020-11-13,23.107,23.256,23.0751,23.2453,3829,417113,0.4136,926000,101166,,,TSE
0050 元大台灣50,2020-11-16,23.49,24.0007,23.49,24.0007,9421,1052631,3.2494,926000,104453,,,TSE
0050 元大台灣50,2020-11-17,24.4688,24.6284,24.1283,24.1709,8297,945842,0.7092,926000,105194,,,TSE
0050 元大台灣50,2020-11-18,24.1709,24.4581,24.0752,24.3305,19747,2254742,0.6602,937500,107203,,,TSE
0050 元大台灣50,2020-11-19,24.3518,24.373,24.2135,24.2879,4505,514299,-0.1749,930000,106160,,,TSE
0050 元大台灣50,2020-11-20,24.2879,24.2879,24.1177,24.256,4800,546485,-0.1314,953000,108642,,,TSE
0050 元大台灣50,2020-11-23,24.3943,24.6496,24.3943,24.5645,5800,668881,1.2719,993000,114642,,,TSE
0050 元大台灣50,2020-11-24,24.6709,24.6709,24.4156,24.4475,6181,712360,-0.4764,963500,110706,,,TSE
0050 元大台灣50,2020-11-25,24.6177,24.6177,24.2347,24.2454,4184,479175,-0.8268,923500,105233,,,TSE
0050 元大台灣50,2020-11-26,24.2666,24.4688,24.2666,24.4369,2561,293607,0.7898,949500,109050,,,TSE
0050 元大台灣50,2020-11-27,24.3624,24.4369,24.2773,24.3943,5329,609955,-0.1741,990500,113561,,,TSE
0050 元大台灣50,2020-11-30,24.4262,24.5007,24.1071,24.1071,9569,1092174,-1.1775,990500,112224,,,TSE
0050 元大台灣50,2020-12-01,24.2135,24.3198,24.1177,24.3198,5097,579908,0.8826,926000,105842,,,TSE
0050 元大台灣50,2020-12-02,24.4688,24.5858,24.3624,24.5539,6132,706416,0.9624,930000,107322,,,TSE
0050 元大台灣50,2020-12-03,24.5645,24.7028,24.4688,24.5539,5977,690191,0.0,954000,110092,,,TSE
0050 元大台灣50,2020-12-04,24.6603,24.9901,24.6603,24.9582,12351,1441028,1.6464,975000,114368,,,TSE
0050 元大台灣50,2020-12-07,25.2135,25.2667,25.0007,25.1922,6859,809975,0.9378,923000,109283,,,TSE
0050 元大台灣50,2020-12-08,25.2028,25.5433,25.0965,25.5433,6401,760790,1.3936,926000,111166,,,TSE
0050 元大台灣50,2020-12-09,25.5326,25.5752,25.4263,25.5433,6302,755414,0.0,973500,116869,,,TSE
0050 元大台灣50,2020-12-10,25.3518,25.3518,25.1177,25.2348,8417,996846,-1.2078,931000,110417,,,TSE
0050 元大台灣50,2020-12-11,25.2773,25.3518,24.9475,25.2667,4798,567107,0.1265,931000,110556,,,TSE
0050 元大台灣50,2020-12-14,25.2454,25.2454,25.1071,25.1603,2479,293305,-0.4211,996000,117777,,,TSE
0050 元大台灣50,2020-12-15,25.0965,25.1071,24.8411,24.905,9664,1132041,-1.0148,963500,112778,,,TSE
0050 元大台灣50,2020-12-16,25.0858,25.3837,25.0752,25.3731,13383,1589857,1.8795,966000,115196,,,TSE
0050 元大台灣50,2020-12-17,25.3518,25.3518,25.1071,25.2348,3001,355533,-0.5451,966000,114568,,,TSE
0050 元大台灣50,2020-12-18,25.2241,25.256,25.1071,25.1497,2585,305752,-0.3373,966000,114181,,,TSE
0050 元大台灣50,2020-12-21,25.1603,25.405,25.0007,25.3943,4402,521717,0.9729,973000,116128,,,TSE
0050 元大台灣50,2020-12-22,25.3305,25.4263,25.0752,25.1071,5849,694797,-1.1311,930500,109799,,,TSE
0050 元大台灣50,2020-12-23,25.0752,25.1709,25.0007,25.139,4246,500926,0.1271,935500,110529,,,TSE
0050 元大台灣50,2020-12-24,25.1922,25.288,25.1497,25.2773,2498,296457,0.5501,979500,116365,,,TSE
0050 元大台灣50,2020-12-25,25.3411,25.4475,25.2348,25.3092,2878,343128,0.1263,943000,112170,,,TSE
0050 元大台灣50,2020-12-28,25.3305,25.5326,25.3305,25.5326,3495,418460,0.8827,943000,113160,,,TSE
0050 元大台灣50,2020-12-29,25.5433,25.5752,25.3943,25.5114,3177,380694,-0.0833,945500,113365,,,TSE
0050 元大台灣50,2020-12-30,25.5326,25.8731,25.5114,25.8731,5501,664129,1.4178,945500,114973,,,TSE
0050 元大台灣50,2020-12-31,25.9901,26.0433,25.8944,26.0114,5845,713540,0.5345,945500,115587,,,TSE
0050 元大台灣50,2021-01-04,26.0007,26.4901,25.9582,26.4582,6307,778088,1.7178,945500,117573,,,TSE
0050 元大台灣50,2021-01-05,26.4263,26.522,26.3305,26.5114,4962,616480,0.201,945500,117809,,,TSE
0050 元大台灣50,2021-01-06,26.8305,27.054,26.405,26.7986,10859,1367952,1.0835,945500,119086,,,TSE
0050 元大台灣50,2021-01-07,26.9263,27.4476,26.9263,27.4263,6863,877015,2.3422,944000,121682,,,TSE
0050 元大台灣50,2021-01-08,27.788,27.9263,27.5646,27.9157,13298,1733821,1.7843,922000,120966,,,TSE
0050 元大台灣50,2021-01-11,27.9157,28.1497,27.7667,28.1497,10492,1375120,0.8384,927000,122642,,,TSE
0050 元大台灣50,2021-01-12,28.1497,28.3306,28.0008,28.1072,11223,1484059,-0.1512,925500,122259,,,TSE
0050 元大台灣50,2021-01-13,28.2455,28.82,28.2348,28.7881,10912,1465070,2.4224,925500,125220,,,TSE
0050 元大台灣50,2021-01-14,28.7242,28.7349,28.3731,28.5221,12390,1660294,-0.9239,917500,122991,,,TSE
0050 元大台灣50,2021-01-15,29.1817,29.3625,28.5966,28.6178,21933,2983569,0.3357,917500,123404,,,TSE
0050 元大台灣50,2021-01-18,28.6391,28.7136,28.1072,28.5966,14495,1937130,-0.0743,920500,123715,,,TSE
0050 元大台灣50,2021-01-19,28.7668,29.3838,28.7668,29.3519,12262,1675696,2.6414,895500,123534,,,TSE
0050 元大台灣50,2021-01-20,29.3838,29.6817,29.2881,29.4051,30367,4202770,0.1812,872500,120580,,,TSE
0050 元大台灣50,2021-01-21,29.4476,30.4796,29.437,30.4264,14029,1984425,3.4732,865000,123695,,,TSE
0050 元大台灣50,2021-01-22,30.0459,30.2199,29.3502,29.8829,24714,3413371,-1.7483,871000,119719,,,TSE
0050 元大台灣50,2021-01-25,29.8285,29.8503,29.1763,29.4807,14258,1931915,-1.3459,875500,118718,,,TSE
0050 元大台灣50,2021-01-26,29.4698,29.6981,28.6545,28.8828,15080,2016627,-2.028,875500,116310,,,TSE
0050 元大台灣50,2021-01-27,28.9806,29.2198,28.7523,28.9263,8124,1082040,0.1505,884000,117616,,,TSE
0050 元大台灣50,2021-01-28,28.2632,28.5458,28.1327,28.3393,15242,1983766,-2.0293,884000,115229,,,TSE
0050 元大台灣50,2021-01-29,28.611,28.6654,27.8718,27.8718,14709,1910423,-1.6494,905000,116021,,,TSE
0050 元大台灣50,2021-02-01,27.8718,28.4697,27.7305,28.4262,14510,1873041,1.9891,905000,118329,,,TSE
0050 元大台灣50,2021-02-02,28.8067,29.3611,28.8067,29.2306,11194,1502540,2.8298,905000,121677,,,TSE
0050 元大台灣50,2021-02-03,29.448,29.4589,29.1763,29.2089,7317,985895,-0.0744,905000,121587,,,TSE
0050 元大台灣50,2021-02-04,29.0024,29.2524,28.7741,29.035,6783,905762,-0.5955,905000,120863,,,TSE
0050 元大台灣50,2021-02-05,29.3067,29.6328,29.1763,29.3067,9116,1232781,0.936,905000,121994,,,TSE
0050 元大台灣50,2021-02-17,30.2199,30.6221,30.2199,30.5568,19308,2703193,4.2656,905000,127198,,,TSE
0050 元大台灣50,2021-02-18,30.5568,30.709,30.3503,30.5134,10805,1515128,-0.1423,910000,127719,,,TSE
0050 元大台灣50,2021-02-19,30.3394,30.3394,29.9155,30.1872,9327,1291374,-1.0688,910000,126354,,,TSE
0050 元大台灣50,2021-02-22,30.3938,30.6003,30.1655,30.1764,7156,998526,-0.036,905000,125614,,,TSE
0050 元大台灣50,2021-02-23,29.8176,30.1546,29.6655,30.1111,8026,1103431,-0.2161,905000,125343,,,TSE
0050 元大台灣50,2021-02-24,29.785,30.0459,29.622,29.6655,11227,1538182,-1.4801,905000,123487,,,TSE
0050 元大台灣50,2021-02-25,29.9698,30.0351,29.7198,29.9046,10368,1425196,0.8062,905000,124483,,,TSE
0050 元大台灣50,2021-02-26,29.2741,29.3937,28.9806,29.0024,27725,3715513,-3.0171,929500,123995,,,TSE
0050 元大台灣50,2021-03-02,29.4589,29.4915,29.0132,29.0132,7501,1010256,0.0375,926500,123641,,,TSE
0050 元大台灣50,2021-03-03,29.0785,29.4372,28.8502,29.4372,8596,1154467,1.4612,929000,125787,,,TSE
0050 元大台灣50,2021-03-04,29.2089,29.2089,28.6328,28.861,17641,2341433,-1.9572,939500,124719,,,TSE
0050 元大台灣50,2021-03-05,28.274,28.8284,28.1545,28.6871,14721,1927803,-0.6026,943500,124495,,,TSE
0050 元大台灣50,2021-03-08,29.0785,29.0893,28.5893,28.6654,12425,1646769,-0.0758,951500,125455,,,TSE
0050 元大台灣50,2021-03-09,28.3827,28.611,28.2088,28.5567,13755,1797274,-0.3792,957500,125768,,,TSE
0050 元大台灣50,2021-03-10,28.7632,28.8284,28.5675,28.6762,5608,740047,0.4187,974500,128537,,,TSE
0050 元大台灣50,2021-03-11,28.7089,29.3393,28.7089,29.285,9343,1253580,2.1228,974500,131265,,,TSE
0050 元大台灣50,2021-03-12,29.4046,29.4915,29.2415,29.4046,5700,770243,0.4083,974500,131801,,,TSE
0050 元大台灣50,2021-03-15,29.4046,29.4046,29.2306,29.3285,3852,519490,-0.2588,973500,131325,,,TSE
0050 元大台灣50,2021-03-16,29.448,29.4915,29.2959,29.4263,6868,928771,0.3336,973500,131763,,,TSE
0050 元大台灣50,2021-03-17,29.4263,29.4372,29.1328,29.1763,6923,931947,-0.8496,974000,130711,,,TSE
0050 元大台灣50,2021-03-18,29.372,29.5785,29.3067,29.3285,7050,954824,0.5216,974000,131393,,,TSE
0050 元大台灣50,2021-03-19,29.0132,29.0241,28.7632,28.8719,10691,1419477,-1.5567,974000,129347,,,TSE
0050 元大台灣50,2021-03-22,28.785,29.0458,28.611,29.0024,5510,731825,0.4518,978000,130465,,,TSE
0050 元大台灣50,2021-03-23,29.1111,29.285,29.0458,29.0458,6994,937937,0.1499,975000,130260,,,TSE
0050 元大台灣50,2021-03-24,28.6545,28.7958,28.5458,28.5893,11082,1459923,-1.5719,975000,128213,,,TSE
0050 元大台灣50,2021-03-25,28.5023,28.8176,28.3936,28.6871,5186,681481,0.3422,979000,129179,,,TSE
0050 元大台灣50,2021-03-26,28.9263,29.2198,28.8176,29.2089,8134,1087961,1.8189,979000,131529,,,TSE
0050 元大台灣50,2021-03-29,29.3937,29.5459,29.3611,29.448,8323,1128219,0.8188,979000,132606,,,TSE
0050 元大台灣50,2021-03-30,29.5241,29.5568,29.3937,29.5459,4937,669668,0.3322,979000,133046,,,TSE
0050 元大台灣50,2021-03-31,29.5241,29.5241,29.2633,29.2959,7829,1057200,-0.8462,977500,131718,,,TSE
0050 元大台灣50,2021-04-01,29.5024,29.5785,29.3937,29.5133,7419,1007813,0.7421,977500,132696,,,TSE
0050 元大台灣50,2021-04-06,30.0677,30.0677,29.8394,29.9263,9539,1315017,1.3996,977500,134553,,,TSE
0050 元大台灣50,2021-04-07,29.9372,29.9916,29.8176,29.959,4477,616257,0.109,971500,133873,,,TSE
0050 元大台灣50,2021-04-08,29.8611,30.0568,29.7089,30.0568,6467,890757,0.3266,971500,134310,,,TSE
0050 元大台灣50,2021-04-09,30.1872,30.1981,29.9263,29.9916,3762,519688,-0.217,971500,134018,,,TSE
0050 元大台灣50,2021-04-12,30.0133,30.0894,29.7089,29.8176,6145,844165,-0.5799,971500,133241,,,TSE
0050 元大台灣50,2021-04-13,29.8285,30.1764,29.785,29.8176,5823,804091,0.0,967000,132624,,,TSE
0050 元大台灣50,2021-04-14,29.8611,29.9807,29.5785,29.9807,6608,905363,0.5468,967000,133349,,,TSE
0050 元大台灣50,2021-04-15,30.0133,30.2307,29.9155,30.2307,7802,1080396,0.8339,964500,134114,,,TSE
0050 元大台灣50,2021-04-16,30.1981,30.2742,30.0894,30.2742,11331,1573488,0.1438,963500,134167,,,TSE
0050 元大台灣50,2021-04-19,30.2742,30.3829,30.1438,30.3286,8221,1145154,0.1795,962000,134199,,,TSE
0050 元大台灣50,2021-04-20,30.1872,30.3394,30.1764,30.2742,4898,681738,-0.1792,962000,133959,,,TSE
0050 元大台灣50,2021-04-21,30.209,30.209,30.0024,30.0024,8098,1119460,-0.8977,952000,131376,,,TSE
0050 元大台灣50,2021-04-22,30.122,30.2307,29.9372,29.9807,4152,574280,-0.0725,952000,131281,,,TSE
0050 元大台灣50,2021-04-23,29.9807,30.2525,29.872,30.2525,6127,848868,0.9065,982000,136645,,,TSE
0050 元大台灣50,2021-04-26,30.4373,30.7308,30.4155,30.6982,12215,1717301,1.4732,952000,134422,,,TSE
0050 元大台灣50,2021-04-27,30.6982,30.8069,30.6112,30.709,6750,953806,0.0354,952000,134470,,,TSE
0050 元大台灣50,2021-04-28,30.709,30.709,30.4807,30.5242,3106,436811,-0.6018,975000,136890,,,TSE
0050 元大台灣50,2021-04-29,30.6547,30.8721,30.5677,30.5677,9026,1276309,0.1425,982000,138069,,,TSE
0050 元大台灣50,2021-05-03,30.5242,30.5242,30.0242,30.0568,7325,1015536,-1.6714,977000,135070,,,TSE
0050 元大台灣50,2021-05-04,30.0568,30.0785,29.3502,29.7959,13831,1893528,-0.868,977000,133898,,,TSE
0050 元大台灣50,2021-05-05,29.7959,29.8503,29.5024,29.5133,9345,1276849,-0.9486,1202000,163172,,,TSE
0050 元大台灣50,2021-05-06,29.6328,29.8937,29.4589,29.7742,8216,1121548,0.884,1156000,158314,,,TSE
0050 元大台灣50,2021-05-07,30.0351,30.3177,29.9916,30.3068,7168,995811,1.789,1156000,161146,,,TSE
0050 元大台灣50,2021-05-10,30.3286,30.3286,30.0242,30.1003,4491,622306,-0.6815,1182500,163717,,,TSE
0050 元大台灣50,2021-05-11,29.5133,29.5241,28.8284,28.9697,26853,3602198,-3.7559,1214000,161766,,,TSE
0050 元大台灣50,2021-05-12,28.8937,28.8937,26.35,28.1327,40085,5136665,-2.8893,1180500,152757,,,TSE
0050 元大台灣50,2021-05-13,27.4479,28.2632,27.1761,27.7196,28100,3599079,-1.4683,1208000,154020,,,TSE
0050 元大台灣50,2021-05-14,27.9371,28.3175,27.7957,28.0349,15790,2035292,1.1373,1211500,156223,,,TSE
0050 元大台灣50,2021-05-17,27.2196,28.0023,27.1109,27.5022,32505,4111437,-1.9,1230000,155595,,,TSE
0050 元大台灣50,2021-05-18,27.9044,28.7632,27.8284,28.7632,16612,2167982,4.585,1230000,162729,,,TSE
0050 元大台灣50,2021-05-19,28.7415,28.8393,28.3719,28.5675,17193,2261698,-0.6803,1236000,162410,,,TSE
0050 元大台灣50,2021-05-20,28.5567,28.5675,28.1979,28.3719,9780,1274831,-0.6849,1241500,162016,,,TSE
0050 元大台灣50,2021-05-21,28.8067,29.1002,28.5458,28.7741,10248,1358135,1.4176,1241500,164313,,,TSE
0050 元大台灣50,2021-05-24,28.6002,28.8393,28.5132,28.7306,10375,1367233,-0.1511,1246500,164725,,,TSE
0050 元大台灣50,2021-05-25,28.8937,29.2741,28.8937,29.2198,10326,1368221,1.7026,1247000,167597,,,TSE
0050 元大台灣50,2021-05-26,29.3176,29.3828,29.1219,29.2415,5246,705851,0.0744,1247000,167722,,,TSE
0050 元大台灣50,2021-05-27,29.0241,29.0676,28.7741,29.035,5858,779436,-0.7063,1243000,166003,,,TSE
0050 元大台灣50,2021-05-28,29.3285,29.5459,29.198,29.5241,9754,1320088,1.6848,1243000,168799,,,TSE
0050 元大台灣50,2021-05-31,29.5241,29.9046,29.5241,29.8068,10607,1451843,0.9573,1243000,170415,,,TSE
0050 元大台灣50,2021-06-01,29.8285,30.0242,29.8285,29.9372,5710,786076,0.4376,1265000,174191,,,TSE
0050 元大台灣50,2021-06-02,29.959,30.0024,29.7089,29.9372,5118,702947,0.0,1265000,174191,,,TSE
0050 元大台灣50,2021-06-03,29.9916,30.1003,29.8937,29.9155,5137,708745,-0.0726,1265000,174064,,,TSE
0050 元大台灣50,2021-06-04,29.785,29.785,29.6328,29.7742,3268,446605,-0.4724,1265000,173242,,,TSE
0050 元大台灣50,2021-06-07,29.8285,29.872,29.2741,29.8503,10994,1502787,0.2556,1266000,173822,,,TSE
0050 元大台灣50,2021-06-08,29.8503,29.8937,29.6763,29.6763,3021,413571,-0.5827,1266000,172809,,,TSE
0050 元大台灣50,2021-06-09,29.6328,29.6328,29.3611,29.4589,6289,851835,-0.7326,1288000,174524,,,TSE
0050 元大台灣50,2021-06-10,29.5676,29.9698,29.5241,29.9155,6953,953274,1.5498,1280500,176197,,,TSE
0050 元大台灣50,2021-06-11,30.0242,30.1111,29.9698,30.0242,3427,473613,0.3634,1293500,178632,,,TSE
0050 元大台灣50,2021-06-15,30.1329,30.2199,30.0894,30.1872,4126,572346,0.5431,1299500,180436,,,TSE
0050 元大台灣50,2021-06-16,30.1546,30.209,30.0351,30.1546,7330,1016261,-0.108,1318500,182876,,,TSE
0050 元大台灣50,2021-06-17,29.959,30.0677,29.8176,30.0677,3283,452105,-0.2884,1318500,182349,,,TSE
0050 元大台灣50,2021-06-18,30.1872,30.1872,29.9916,30.0024,2249,310815,-0.2169,1318500,181953,,,TSE
0050 元大台灣50,2021-06-21,29.7633,29.785,29.2633,29.285,16678,2255922,-2.3913,1320500,177871,,,TSE
0050 元大台灣50,2021-06-22,29.4807,29.5785,29.2415,29.3176,6078,820657,0.1114,1320500,178069,,,TSE
0050 元大台灣50,2021-06-23,29.3502,29.8176,29.3067,29.7959,6517,887399,1.6314,1320500,180975,,,TSE
0050 元大台灣50,2021-06-24,29.7959,29.8394,29.6655,29.7198,6289,861039,-0.2554,1321000,180581,,,TSE
0050 元大台灣50,2021-06-25,29.8829,29.9916,29.7198,29.7742,6623,911180,0.1829,1315000,180089,,,TSE
0050 元大台灣50,2021-06-28,29.785,29.8937,29.6763,29.8285,4090,560920,0.1825,1344500,184465,,,TSE
0050 元大台灣50,2021-06-29,29.9807,30.1546,29.8503,29.9155,9131,1259391,0.2915,1372000,188787,,,TSE
0050 元大台灣50,2021-06-30,30.0242,30.2959,30.0133,30.209,9756,1355932,0.9811,1384000,192307,,,TSE
0050 元大台灣50,2021-07-01,30.2199,30.2633,30.0133,30.0677,4680,649025,-0.4678,1345000,186014,,,TSE
0050 元大台灣50,2021-07-02,30.0677,30.1111,29.9807,30.0677,4826,667110,0.0,1305500,180551,,,TSE
0050 元大台灣50,2021-07-05,30.1655,30.4373,30.1655,30.3503,7881,1100359,0.94,1313000,183295,,,TSE
0050 元大台灣50,2021-07-06,30.4046,30.4481,30.3177,30.3829,6551,915548,0.1074,1351000,188802,,,TSE
0050 元大台灣50,2021-07-07,30.3503,30.3612,30.1329,30.2199,6776,942786,-0.5367,1390500,193280,,,TSE
0050 元大台灣50,2021-07-08,30.2525,30.3286,30.0459,30.1872,4085,567119,-0.1079,1375000,190919,,,TSE
0050 元大台灣50,2021-07-09,29.9807,29.9807,29.7742,29.9481,7176,986007,-0.7922,1331000,183345,,,TSE
0050 元大台灣50,2021-07-12,30.2307,30.4481,30.122,30.2199,13736,1913348,0.9074,1329000,184731,,,TSE
0050 元大台灣50,2021-07-13,30.4373,30.6547,30.4264,30.4699,14007,1968576,0.8273,1370000,192006,,,TSE
0050 元大台灣50,2021-07-14,30.4807,30.6764,30.4699,30.546,9604,1350159,0.2497,1401500,196911,,,TSE
0050 元大台灣50,2021-07-15,30.6438,30.8395,30.6112,30.8286,12338,1746117,0.9253,1349500,191359,,,TSE
0050 元大台灣50,2021-07-16,30.3938,30.4373,30.2307,30.4155,9507,1327200,-1.3399,1317000,184248,,,TSE
0050 元大台灣50,2021-07-19,30.2199,30.2633,29.9046,30.0677,10856,1500042,-1.1437,1317000,182141,,,TSE
0050 元大台灣50,2021-07-20,29.959,30.0677,29.7959,29.8285,8443,1160744,-0.7954,1317000,180692,,,TSE
0050 元大台灣50,2021-07-21,30.079,30.079,29.6649,29.7957,13271,1813074,-0.1093,1377000,188236,,,TSE
0050 元大台灣50,2021-07-22,30.0354,30.1989,29.9156,30.0027,6243,862215,0.695,1415500,194844,,,TSE
0050 元大台灣50,2021-07-23,30.0899,30.1444,29.9374,30.0027,3242,446860,0.0,1378000,189682,,,TSE
0050 元大台灣50,2021-07-26,30.0245,30.0899,29.6976,29.7412,12149,1661811,-0.8718,1337000,182434,,,TSE
0050 元大台灣50,2021-07-27,29.7521,29.872,29.654,29.7303,10677,1457154,-0.0366,1337500,182435,,,TSE
0050 元大台灣50,2021-07-28,29.6649,29.6649,29.1527,29.2617,31583,4245231,-1.5762,1341500,180096,,,TSE
0050 元大台灣50,2021-07-29,29.6104,29.7739,29.4796,29.7521,10889,1480352,1.676,1341500,183115,,,TSE
0050 元大台灣50,2021-07-30,29.7739,29.7739,29.6431,29.654,4040,550974,-0.3297,1341500,182511,,,TSE
0050 元大台灣50,2021-08-02,29.8611,30.079,29.654,30.0572,7376,1011342,1.3598,1341500,184993,,,TSE
0050 元大台灣50,2021-08-03,30.0681,30.1771,30.0136,30.1771,6224,859255,0.3988,1344500,186146,,,TSE
0050 元大台灣50,2021-08-04,30.2207,30.3624,30.1771,30.3515,5642,784584,0.5778,1344500,187222,,,TSE
0050 元大台灣50,2021-08-05,30.3515,30.3951,30.2643,30.297,5840,813087,-0.1795,1344500,186886,,,TSE
0050 元大台灣50,2021-08-06,30.2752,30.297,30.0354,30.2534,4031,558390,-0.1439,1344500,186617,,,TSE
0050 元大台灣50,2021-08-09,30.1226,30.1989,29.7957,30.1662,5186,714762,-0.2882,1344500,186079,,,TSE
0050 元大台灣50,2021-08-10,30.1771,30.188,29.9701,30.0027,2676,369136,-0.5419,1339500,184382,,,TSE
0050 元大台灣50,2021-08-11,29.9374,30.0027,29.7739,29.9047,3867,529729,-0.3269,1339500,183779,,,TSE
0050 元大台灣50,2021-08-12,29.9047,29.9156,29.7521,29.8502,2376,325349,-0.1822,1339500,183445,,,TSE
0050 元大台灣50,2021-08-13,29.7739,29.8284,29.545,29.5668,7816,1061673,-0.9493,1339500,181703,,,TSE
0050 元大台灣50,2021-08-16,29.5341,29.5886,29.4033,29.5014,11135,1506240,-0.2212,1339500,181301,,,TSE
0050 元大台灣50,2021-08-17,29.5123,29.5341,29.2726,29.2835,13757,1854533,-0.7388,1342000,180298,,,TSE
0050 元大台灣50,2021-08-18,29.12,29.4142,28.8693,29.4033,22162,2958372,0.4094,1345500,181508,,,TSE
0050 元大台灣50,2021-08-19,29.3162,29.3162,28.6841,28.7277,28091,3719709,-2.298,1350000,177930,,,TSE
0050 元大台灣50,2021-08-20,28.8148,28.9456,28.3789,28.4988,16501,2163648,-0.7967,1375000,179781,,,TSE
0050 元大台灣50,2021-08-23,28.8257,29.3053,28.8039,29.2835,6086,814769,2.7533,1372000,184328,,,TSE
0050 元大台灣50,2021-08-24,29.4687,29.5014,29.338,29.3706,5086,685956,0.2977,1360000,183260,,,TSE
0050 元大台灣50,2021-08-25,29.4578,29.6649,29.4578,29.654,7031,954442,0.9647,1360000,185028,,,TSE
0050 元大台灣50,2021-08-26,29.9592,30.079,29.7194,29.8611,7276,997127,0.6983,1360000,186320,,,TSE
0050 元大台灣50,2021-08-27,29.7957,30.188,29.7412,30.1117,16875,2328482,0.8394,1360000,187884,,,TSE
0050 元大台灣50,2021-08-30,30.2207,30.406,30.1771,30.406,21974,3054444,0.9772,1358000,189441,,,TSE
0050 元大台灣50,2021-08-31,30.3842,30.5912,30.1008,30.5912,16604,2314461,0.6093,1354000,190034,,,TSE
0050 元大台灣50,2021-09-01,30.5477,30.7983,30.5259,30.7329,18843,2654655,0.4631,1349500,190280,,,TSE
0050 元大台灣50,2021-09-02,30.7111,30.8201,30.4932,30.4932,7218,1015442,-0.7801,1322500,185018,,,TSE
0050 元大台灣50,2021-09-03,30.6566,30.9727,30.613,30.9291,11543,1634417,1.4296,1320500,187379,,,TSE
0050 元大台灣50,2021-09-06,30.9291,31.2778,30.8637,31.0708,14283,2037715,0.4581,1320500,188237,,,TSE
0050 元大台灣50,2021-09-07,31.1253,31.1253,30.831,30.9291,8413,1194822,-0.456,1320500,187379,,,TSE
0050 元大台灣50,2021-09-08,30.8964,30.9509,30.5041,30.6566,7239,1019366,-0.8809,1320500,185728,,,TSE
0050 元大台灣50,2021-09-09,30.4387,30.7329,30.3624,30.5803,3194,447668,-0.2488,1320500,185266,,,TSE
0050 元大台灣50,2021-09-10,30.6675,30.9727,30.6239,30.94,3165,448120,1.1761,1320500,187445,,,TSE
0050 元大台灣50,2021-09-13,30.9182,30.9182,30.7656,30.831,3348,473494,-0.3522,1320500,186785,,,TSE
0050 元大台灣50,2021-09-14,30.9182,30.9945,30.8092,30.8637,2513,356460,0.106,1315500,186275,,,TSE
0050 元大台灣50,2021-09-15,30.7983,30.831,30.6021,30.6784,12135,1709846,-0.6003,1311500,184594,,,TSE
0050 元大台灣50,2021-09-16,30.6893,30.7329,30.4605,30.5368,8202,1150003,-0.4618,1217500,170572,,,TSE
0050 元大台灣50,2021-09-17,30.5368,30.7438,30.406,30.6239,3858,541563,0.2855,1217500,171059,,,TSE
0050 元大台灣50,2021-09-22,29.8829,29.9918,29.7085,29.9047,25084,3435002,-2.3488,1237000,169716,,,TSE
0050 元大台灣50,2021-09-23,30.079,30.188,29.9918,30.079,5915,816669,0.5831,1243000,171534,,,TSE
0050 元大台灣50,2021-09-24,30.2534,30.4387,30.2316,30.4387,6297,877424,1.1957,1223000,170792,,,TSE
0050 元大台灣50,2021-09-27,30.4823,30.5912,30.3406,30.515,11877,1660910,0.2506,1224500,171430,,,TSE
0050 元大台灣50,2021-09-28,30.3515,30.3733,30.1335,30.297,17896,2484681,-0.7143,1229000,170831,,,TSE
0050 元大台灣50,2021-09-29,29.8393,29.8393,29.5232,29.6431,31469,4284361,-2.1583,1235000,167960,,,TSE
0050 元大台灣50,2021-09-30,29.7085,29.8829,29.4687,29.872,16919,2303685,0.7721,1231500,168777,,,TSE
0050 元大台灣50,2021-10-01,29.7085,29.7085,29.1309,29.1963,28939,3888671,-2.2619,1240000,166098,,,TSE
0050 元大台灣50,2021-10-04,29.3598,29.3815,28.9565,29.0219,24299,3240409,-0.5972,1284500,171031,,,TSE
0050 元大台灣50,2021-10-05,28.7712,28.9892,28.5315,28.9783,28469,3753464,-0.1502,1292500,171838,,,TSE
0050 元大台灣50,2021-10-06,29.2072,29.2072,28.7712,28.9892,22785,3024603,0.0376,1317000,175161,,,TSE
0050 元大台灣50,2021-10-07,29.2181,29.5559,29.1963,29.5014,13826,1866323,1.7669,1320000,178662,,,TSE
0050 元大台灣50,2021-10-08,29.5668,29.5668,29.1963,29.2508,7988,1075930,-0.8496,1315500,176540,,,TSE
0050 元大台灣50,2021-10-12,28.9238,29.0219,28.6841,28.9565,11588,1533572,-1.006,1320500,175428,,,TSE
0050 元大台灣50,2021-10-13,29.0764,29.12,28.8039,28.8584,5741,761389,-0.3387,1321000,174900,,,TSE
0050 元大台灣50,2021-10-14,29.0982,29.1418,28.8802,28.9347,3441,457703,0.2644,1321000,175363,,,TSE
0050 元大台灣50,2021-10-15,29.3489,29.7194,29.2726,29.6976,13728,1862428,2.6365,1325000,180531,,,TSE
0050 元大台灣50,2021-10-18,29.7957,29.8393,29.5559,29.6104,5450,743028,-0.2936,1325000,180001,,,TSE
0050 元大台灣50,2021-10-19,29.6867,29.9156,29.654,29.8502,8666,1186479,0.8097,1317000,180363,,,TSE
0050 元大台灣50,2021-10-20,29.872,29.9265,29.7412,29.7739,14674,2008846,-0.2556,1319000,180175,,,TSE
0050 元大台灣50,2021-10-21,29.7957,30.0354,29.6649,29.6649,13292,1823893,-0.366,1313000,178699,,,TSE
0050 元大台灣50,2021-10-22,29.6976,29.8066,29.5668,29.7521,5321,725081,0.2939,1308000,178542,,,TSE
0050 元大台灣50,2021-10-25,29.6431,29.7957,29.4687,29.7303,7522,1022937,-0.0733,1305000,178002,,,TSE
0050 元大台灣50,2021-10-26,29.7848,30.0245,29.7739,29.9809,10797,1483480,0.8431,1305000,179503,,,TSE
0050 元大台灣50,2021-10-27,29.8502,29.9809,29.7957,29.9809,7527,1031896,0.0,1303500,179296,,,TSE
0050 元大台灣50,2021-10-28,29.9592,30.0027,29.7739,29.8938,4597,630055,-0.2908,1300500,178364,,,TSE
0050 元大台灣50,2021-10-29,29.872,29.872,29.5014,29.5995,5145,699434,-0.9843,1301500,176744,,,TSE
0050 元大台灣50,2021-11-01,29.6867,29.8066,29.6867,29.7521,3142,428929,0.5155,1301500,177655,,,TSE
0050 元大台灣50,2021-11-02,29.8175,30.0027,29.6758,29.6976,4154,569049,-0.1832,1298500,176921,,,TSE
0050 元大台灣50,2021-11-03,29.7303,29.8611,29.7303,29.7739,2399,328234,0.2569,1294500,176829,,,TSE
0050 元大台灣50,2021-11-04,29.9156,29.9701,29.6758,29.6758,2662,364046,-0.3294,1294500,176246,,,TSE
0050 元大台灣50,2021-11-05,29.8829,30.1226,29.8175,30.1008,11655,1603293,1.4322,1294500,178770,,,TSE
0050 元大台灣50,2021-11-08,30.1226,30.3406,30.1226,30.3406,7721,1072307,0.7965,1290500,179638,,,TSE
0050 元大台灣50,2021-11-09,30.5477,30.7765,30.5368,30.6675,12860,1810403,1.0776,1290500,181573,,,TSE
0050 元大台灣50,2021-11-10,30.6566,30.6566,30.515,30.6239,5594,785319,-0.1421,1265500,177803,,,TSE
0050 元大台灣50,2021-11-11,30.3188,30.4605,30.2534,30.3515,4600,640820,-0.8897,1262500,175803,,,TSE
0050 元大台灣50,2021-11-12,30.4932,30.6893,30.406,30.4496,5886,825588,0.3232,1267000,177000,,,TSE
0050 元大台灣50,2021-11-15,30.6348,30.7874,30.6348,30.722,6780,955946,0.8948,1248500,175976,,,TSE
0050 元大台灣50,2021-11-16,30.722,30.831,30.6893,30.7765,6013,849180,0.1774,1254500,177135,,,TSE
0050 元大台灣50,2021-11-17,30.7983,30.8855,30.7656,30.8746,27642,3911651,0.3187,1248500,176850,,,TSE
0050 元大台灣50,2021-11-18,30.8964,31.0708,30.8746,31.049,6242,887241,0.5648,1248500,177849,,,TSE
0050 元大台灣50,2021-11-19,31.2778,31.2887,31.0926,31.1253,6253,894594,0.2457,1245500,177857,,,TSE
0050 元大台灣50,2021-11-22,31.1035,31.1471,31.0381,31.049,3868,551655,-0.2451,1245500,177421,,,TSE
0050 元大台灣50,2021-11-23,30.9509,30.9509,30.7438,30.7547,4701,664821,-0.9477,1243000,175387,,,TSE
0050 元大台灣50,2021-11-24,30.7547,30.7656,30.5477,30.6239,3224,453478,-0.4252,1244000,174782,,,TSE
0050 元大台灣50,2021-11-25,30.6239,30.7111,30.515,30.613,2612,366609,-0.0356,1244000,174720,,,TSE
0050 元大台灣50,2021-11-26,30.4169,30.4823,30.0681,30.1117,12594,1745167,-1.6376,1244000,171859,,,TSE
0050 元大台灣50,2021-11-29,29.9918,30.2534,29.9701,30.1117,11534,1593014,0.0,1244000,171859,,,TSE
0050 元大台灣50,2021-11-30,30.2534,30.4278,30.0463,30.079,10539,1460465,-0.1086,1244000,171672,,,TSE
0050 元大台灣50,2021-12-01,30.1008,30.6239,30.0899,30.5803,4329,603377,1.6667,1244000,174533,,,TSE
0050 元大台灣50,2021-12-02,30.5368,30.94,30.4496,30.9073,9133,1292045,1.0691,1244000,176399,,,TSE
0050 元大台灣50,2021-12-03,30.94,30.9836,30.7547,30.8964,4946,700928,-0.0353,1249000,177046,,,TSE
0050 元大台灣50,2021-12-06,30.6675,30.9291,30.515,30.8092,4060,573477,-0.2822,1249000,176546,,,TSE
0050 元大台灣50,2021-12-07,30.8092,30.9073,30.5912,30.9073,3157,444889,0.3184,1249000,177108,,,TSE
0050 元大台灣50,2021-12-08,31.1906,31.2996,31.0163,31.0272,11183,1596995,0.3879,1249000,177795,,,TSE
0050 元大台灣50,2021-12-09,31.049,31.0926,30.8855,30.9509,4675,664504,-0.2459,1249000,177358,,,TSE
0050 元大台灣50,2021-12-10,30.9073,30.9727,30.8092,30.94,3436,487665,-0.0352,1260000,178857,,,TSE
0050 元大台灣50,2021-12-13,30.9945,31.049,30.8419,30.8419,4759,676100,-0.317,1260000,178290,,,TSE
0050 元大台灣50,2021-12-14,30.5912,30.6675,30.5041,30.5368,5027,705014,-0.9894,1260000,176526,,,TSE
0050 元大台灣50,2021-12-15,30.5368,30.6457,30.4496,30.5803,10117,1416798,0.1428,1260000,176778,,,TSE
0050 元大台灣50,2021-12-16,30.8092,30.9618,30.7656,30.9618,5763,816635,1.2473,1242000,176426,,,TSE
0050 元大台灣50,2021-12-17,30.8528,30.9509,30.7765,30.9291,4979,706093,-0.1056,1242000,176240,,,TSE
0050 元大台灣50,2021-12-20,30.9073,30.9182,30.5803,30.6566,4582,645465,-0.8809,1237000,173984,,,TSE
0050 元大台灣50,2021-12-21,30.6675,30.94,30.6675,30.9182,6716,951161,0.8532,1237000,175468,,,TSE
0050 元大台灣50,2021-12-22,30.94,30.9509,30.8746,30.9182,4146,588113,0.0,1237000,175468,,,TSE
0050 元大台灣50,2021-12-23,31.1144,31.2124,31.0054,31.0926,14116,2012988,0.564,1237000,176458,,,TSE
0050 元大台灣50,2021-12-24,31.1689,31.2996,31.158,31.1798,12807,1835254,0.2804,1233000,176381,,,TSE
0050 元大台灣50,2021-12-27,31.2124,31.4413,31.1906,31.4195,6838,984397,0.769,1227000,176872,,,TSE
0050 元大台灣50,2021-12-28,31.4522,31.6702,31.4522,31.6702,22888,3315969,0.7978,1223500,177775,,,TSE
0050 元大台灣50,2021-12-29,31.7029,31.8554,31.6157,31.8118,22807,3319821,0.4474,1215000,177329,,,TSE
0050 元大台灣50,2021-12-30,31.8118,31.8227,31.6811,31.7138,6421,935379,-0.3083,1209000,175910,,,TSE
0050 元大台灣50,2022-01-03,31.8227,32.117,31.8227,31.9099,7064,1034974,0.6186,1209000,176998,,,TSE
0050 元大台灣50,2022-01-04,32.1933,32.6074,32.1933,32.6074,10122,1507398,2.1858,1209000,180866,,,TSE
0050 元大台灣50,2022-01-05,32.7164,32.8145,32.4984,32.542,11730,1755680,-0.2005,1190000,177667,,,TSE
0050 元大台灣50,2022-01-06,32.3241,32.4221,32.0407,32.2369,9085,1342084,-0.9377,1190000,176001,,,TSE
0050 元大台灣50,2022-01-07,32.3241,32.4766,31.9317,31.9535,7435,1095365,-0.879,1190000,174454,,,TSE
0050 元大台灣50,2022-01-10,31.8227,32.2151,31.692,32.1606,15979,2346043,0.648,1183500,174625,,,TSE
0050 元大台灣50,2022-01-11,32.1715,32.3677,31.9753,32.3241,17984,2655717,0.5083,1171500,173733,,,TSE
0050 元大台灣50,2022-01-12,32.5529,32.6074,32.4112,32.5965,10326,1541003,0.8429,1172000,175273,,,TSE
0050 元大台灣50,2022-01-13,32.5965,32.7927,32.5965,32.76,7680,1152220,0.5015,1172000,176152,,,TSE
0050 元大台灣50,2022-01-14,32.869,32.9562,32.4875,32.76,10400,1560843,0.0,1166000,175250,,,TSE
0050 元大台灣50,2022-01-17,32.9344,33.2177,32.9344,33.1305,7202,1093229,1.1311,1154000,175408,,,TSE
0050 元大台灣50,2022-01-18,33.1741,33.185,32.7273,32.76,14811,2242827,-1.1184,1150000,172845,,,TSE
0050 元大台灣50,2022-01-19,32.4766,32.6183,32.3132,32.3677,15371,2288127,-1.1976,1147500,170404,,,TSE
0050 元大台灣50,2022-01-20,32.3677,32.5202,32.1715,32.4984,16845,2499682,0.404,1150000,171465,,,TSE
0050 元大台灣50,2022-01-21,32.0531,32.0643,31.6968,31.7747,32475,4649317,-2.1797,1174000,167471,,,TSE
0050 元大台灣50,2022-01-24,31.6522,32.0754,31.5631,32.0754,13767,1965019,0.9464,1175000,169200,,,TSE
0050 元大台灣50,2022-01-25,31.7524,31.7524,31.4629,31.552,25646,3632621,-1.6319,1183500,167643,,,TSE
0050 元大台灣50,2022-01-26,31.4406,31.6745,31.4183,31.5297,18559,2629997,-0.0706,1201000,170002,,,TSE
0050 元大台灣50,2022-02-07,31.7636,31.8081,31.4517,31.6968,25312,3593629,0.5298,1231000,175171,,,TSE
0050 元大台灣50,2022-02-08,31.9195,31.9641,31.8081,31.8304,11521,1648442,0.4216,1261500,180268,,,TSE
0050 元大台灣50,2022-02-09,31.9641,31.9641,31.7747,31.9418,8470,1211943,0.3499,1273000,182548,,,TSE
0050 元大台灣50,2022-02-10,32.0531,32.3093,31.9641,32.3093,6325,912680,1.1506,1274000,184794,,,TSE
0050 元大台灣50,2022-02-11,32.2313,32.3093,32.0866,32.287,4556,659321,-0.0689,1274000,184666,,,TSE
0050 元大台灣50,2022-02-14,32.0643,32.0643,31.6745,31.7859,12907,1841179,-1.5523,1285000,183370,,,TSE
0050 元大台灣50,2022-02-15,31.7859,31.8972,31.6188,31.6411,8139,1160338,-0.4555,1291000,183387,,,TSE
0050 元大台灣50,2022-02-16,32.0531,32.1757,32.0309,32.1645,6906,995478,1.6543,1291000,186420,,,TSE
0050 元大台灣50,2022-02-17,32.1645,32.2982,32.0754,32.1868,5161,746195,0.0693,1291500,186622,,,TSE
0050 元大台灣50,2022-02-18,31.9641,32.1088,31.8638,32.0977,4068,584581,-0.2768,1291500,186105,,,TSE
0050 元大台灣50,2022-02-21,31.9529,32.042,31.8081,32.0309,4807,689347,-0.2082,1291500,185718,,,TSE
0050 元大台灣50,2022-02-22,31.7636,31.7747,31.3515,31.5965,20814,2943619,-1.3561,1296500,183909,,,TSE
0050 元大台灣50,2022-02-23,31.5965,31.719,31.552,31.6856,4803,681745,0.282,1304500,185565,,,TSE
0050 元大台灣50,2022-02-24,31.4295,31.4295,30.8058,30.9171,32725,4565434,-2.4253,1320000,183216,,,TSE
0050 元大台灣50,2022-02-25,30.9728,31.0062,30.7055,30.8503,24731,3424810,-0.2161,1342000,185867,,,TSE
0050 元大台灣50,2022-03-01,30.9728,31.3626,30.9283,31.2847,8694,1218632,1.4079,1354500,190240,,,TSE
0050 元大台灣50,2022-03-02,31.1844,31.2067,31.0062,31.1065,6778,946372,-0.5696,1355500,189296,,,TSE
0050 元大台灣50,2022-03-03,31.2958,31.3626,31.151,31.1733,4742,664351,0.2148,1355500,189702,,,TSE
0050 元大台灣50,2022-03-04,30.8503,30.9283,30.7278,30.8392,14283,1977417,-1.0718,1369000,189538,,,TSE
0050 元大台灣50,2022-03-07,30.4939,30.4939,29.7923,29.848,57431,7712383,-3.2142,1412000,189208,,,TSE
0050 元大台灣50,2022-03-08,29.5027,29.6586,29.1797,29.2131,46246,6098512,-2.1269,1496500,196266,,,TSE
0050 元大台灣50,2022-03-09,29.447,29.6809,29.447,29.5138,22656,3007269,1.0294,1574500,208621,,,TSE
0050 元大台灣50,2022-03-10,30.1153,30.416,30.1153,30.3714,15177,2065524,2.9057,1600500,218228,,,TSE
0050 元大台灣50,2022-03-11,30.26,30.26,29.8925,29.9371,11806,1591939,-1.4301,1621000,217862,,,TSE
0050 元大台灣50,2022-03-14,30.0707,30.1487,29.848,29.9371,9183,1235380,0.0,1630000,219072,,,TSE
0050 元大台灣50,2022-03-15,29.6586,29.6586,29.2688,29.3245,26456,3486775,-2.0461,1583500,208468,,,TSE
0050 元大台灣50,2022-03-16,29.6698,29.6809,29.202,29.447,20364,2682635,0.4178,1597500,211190,,,TSE
0050 元大台灣50,2022-03-17,30.1709,30.4048,30.1153,30.3826,14459,1962595,3.177,1555000,212102,,,TSE
0050 元大台灣50,2022-03-18,30.4271,30.4271,30.1821,30.3157,12975,1765126,-0.2199,1557000,211908,,,TSE
0050 元大台灣50,2022-03-21,30.4717,30.661,30.4717,30.5162,8071,1108232,0.6613,1556000,213172,,,TSE
0050 元大台灣50,2022-03-22,30.4717,30.5162,30.3603,30.4717,6251,854443,-0.146,1563500,213887,,,TSE
0050 元大台灣50,2022-03-23,30.6498,30.8169,30.6387,30.7612,10632,1467263,0.9503,1563500,215919,,,TSE
0050 元大台灣50,2022-03-24,30.6276,30.7612,30.5273,30.7389,4479,616438,-0.0724,1563000,215694,,,TSE
0050 元大台灣50,2022-03-25,30.828,30.8503,30.7167,30.7835,5074,701035,0.1449,1562500,215938,,,TSE
0050 元大台灣50,2022-03-28,30.5162,30.5162,30.1932,30.4494,11194,1523419,-1.0854,1569000,214482,,,TSE
0050 元大台灣50,2022-03-29,30.5162,30.5608,30.4271,30.4828,6644,909712,0.1097,1569000,214718,,,TSE
0050 元大台灣50,2022-03-30,30.7501,30.8949,30.7501,30.8615,8498,1176292,1.2422,1569000,217385,,,TSE
0050 元大台灣50,2022-03-31,30.8615,30.8837,30.7612,30.7612,3748,518591,-0.3248,1569000,216679,,,TSE
0050 元大台灣50,2022-04-01,30.4271,30.5051,30.3269,30.5051,8220,1123614,-0.8327,1569000,214875,,,TSE
0050 元大台灣50,2022-04-06,30.1264,30.3714,30.0707,30.3491,12266,1663822,-0.5111,1580000,215275,,,TSE
0050 元大台灣50,2022-04-07,30.093,30.093,29.8034,29.8034,16680,2243105,-1.7982,1580500,211471,,,TSE
0050 元大台灣50,2022-04-08,29.8702,29.9705,29.7923,29.9705,9480,1270359,0.5605,1583000,212993,,,TSE
0050 元大台灣50,2022-04-11,29.8814,29.9482,29.447,29.5027,18450,2451482,-1.5608,1576500,208807,,,TSE
0050 元大台灣50,2022-04-12,29.4359,29.5918,29.3134,29.525,15367,2032841,0.0755,1594500,211351,,,TSE
0050 元大台灣50,2022-04-13,29.7143,30.1153,29.6698,30.0818,7246,975028,1.8861,1597500,215742,,,TSE
0050 元大台灣50,2022-04-14,30.2378,30.2378,29.9705,29.9705,5235,705835,-0.3702,1600500,215347,,,TSE
0050 元大台灣50,2022-04-15,29.5918,29.6364,29.4025,29.4582,22334,2955902,-1.7094,1603500,212063,,,TSE
0050 元大台灣50,2022-04-18,29.4025,29.4582,29.2131,29.3022,19495,2565078,-0.5293,1617000,212716,,,TSE
0050 元大台灣50,2022-04-19,29.4582,29.6141,29.3691,29.4025,9433,1248058,0.3421,1629000,215028,,,TSE
0050 元大台灣50,2022-04-20,29.447,29.5584,29.3245,29.5473,7104,939528,0.4924,1639500,217480,,,TSE
0050 元大台灣50,2022-04-21,29.6809,29.7589,29.5473,29.5695,4226,562769,0.0754,1639500,217644,,,TSE
0050 元大台灣50,2022-04-22,29.2688,29.3468,29.1463,29.3134,12398,1626054,-0.8663,1647000,216745,,,TSE
0050 元大台灣50,2022-04-25,28.957,28.9681,28.6563,28.7899,35058,4525920,-1.7857,1659500,214490,,,TSE
0050 元大台灣50,2022-04-26,28.9013,28.9124,28.7008,28.7899,10361,1339825,0.0,1665000,215201,,,TSE
0050 元大台灣50,2022-04-27,28.2887,28.2887,28.0771,28.1885,31244,3953298,-2.089,1688000,213616,,,TSE
0050 元大台灣50,2022-04-28,28.3667,28.3778,28.0549,28.311,12311,1559363,0.4346,1689000,214672,,,TSE
0050 元大台灣50,2022-04-29,28.712,28.8456,28.5672,28.6785,12271,1582008,1.2982,1694500,218167,,,TSE
0050 元大台灣50,2022-05-03,28.634,28.6674,28.389,28.4669,7021,898507,-0.7379,1694500,216557,,,TSE
0050 元大台灣50,2022-05-04,28.5783,28.6117,28.4001,28.4669,10324,1319173,0.0,1694500,216557,,,TSE
0050 元大台灣50,2022-05-05,28.8456,28.9124,28.7231,28.7899,6508,841880,1.1346,1694500,219014,,,TSE
0050 元大台灣50,2022-05-06,28.1662,28.2553,28.0549,28.2108,18804,2373840,-2.0116,1704500,215875,,,TSE
0050 元大台灣50,2022-05-09,27.9546,27.9658,27.7319,27.743,14256,1778657,-1.6581,1718000,213977,,,TSE
0050 元大台灣50,2022-05-10,27.2084,27.6428,27.0748,27.6205,14865,1826485,-0.4416,1719000,213156,,,TSE
0050 元大台灣50,2022-05-11,27.5871,27.7207,27.4646,27.6651,8458,1047528,0.1613,1724000,214121,,,TSE
0050 元大台灣50,2022-05-12,27.3978,27.3978,26.9968,27.008,13693,1672599,-2.3752,1724000,209035,,,TSE
0050 元大台灣50,2022-05-13,27.1973,27.253,27.0748,27.253,7332,894972,0.9072,1722500,210748,,,TSE
0050 元大台灣50,2022-05-16,27.498,27.6205,27.2864,27.3978,6085,750214,0.5313,1727500,212483,,,TSE
0050 元大台灣50,2022-05-17,27.4312,27.7319,27.4312,27.6985,4399,545917,1.0976,1727500,214815,,,TSE
0050 元大台灣50,2022-05-18,27.9212,28.066,27.8989,27.9992,6600,829207,1.0856,1728000,217210,,,TSE
0050 元大台灣50,2022-05-19,27.498,27.576,27.3198,27.4646,7894,972266,-1.9093,1738000,214295,,,TSE
0050 元大台灣50,2022-05-20,27.5648,27.8321,27.5425,27.7653,3867,481189,1.0949,1739500,216829,,,TSE
0050 元大台灣50,2022-05-23,27.9101,27.9769,27.7319,27.821,2859,357757,0.2006,1739500,217264,,,TSE
0050 元大台灣50,2022-05-24,27.8433,27.8878,27.4869,27.5091,5469,678348,-1.1209,1739500,214828,,,TSE
0050 元大台灣50,2022-05-25,27.5537,27.7764,27.498,27.7207,2724,338285,0.7692,1739500,216481,,,TSE
0050 元大台灣50,2022-05-26,27.8433,27.8433,27.3643,27.3755,6240,771156,-1.2455,1745000,214461,,,TSE
0050 元大台灣50,2022-05-27,27.6539,28.0214,27.6316,27.9546,11895,1491077,2.1155,1747000,219249,,,TSE
0050 元大台灣50,2022-05-30,28.3444,28.6451,28.2999,28.634,14840,1896337,2.4303,1748500,224770,,,TSE
0050 元大台灣50,2022-05-31,28.6117,28.9124,28.4224,28.9124,7233,930745,0.9724,1748500,226955,,,TSE
0050 元大台灣50,2022-06-01,28.8011,28.9681,28.7342,28.7676,6730,872404,-0.5008,1745500,225431,,,TSE
0050 元大台灣50,2022-06-02,28.6117,28.6117,28.4224,28.4669,4721,604071,-1.0453,1770500,226270,,,TSE
0050 元大台灣50,2022-06-06,28.5672,28.7342,28.389,28.6674,4292,550968,0.7042,1770500,227863,,,TSE
0050 元大台灣50,2022-06-07,28.5004,28.5004,28.2553,28.3778,5160,656817,-1.0101,1817500,231550,,,TSE
0050 元大台灣50,2022-06-08,28.6229,28.7565,28.5449,28.6897,4110,529293,1.0989,1883000,242530,,,TSE
0050 元大台灣50,2022-06-09,28.556,28.6229,28.4335,28.6006,2056,263676,-0.3106,1929000,247684,,,TSE
0050 元大台灣50,2022-06-10,28.2442,28.3778,28.1551,28.311,4616,585983,-1.0125,1943000,246955,,,TSE
0050 元大台灣50,2022-06-13,27.6428,27.6762,27.498,27.5203,18437,2280313,-2.7931,1956000,241664,,,TSE
0050 元大台灣50,2022-06-14,27.3087,27.5203,27.1973,27.4757,12474,1529735,-0.1619,2059500,254039,,,TSE
0050 元大台灣50,2022-06-15,27.3978,27.5314,27.3198,27.3421,9373,1153315,-0.4864,1928000,236662,,,TSE
0050 元大台灣50,2022-06-16,27.6428,27.8433,27.2307,27.2864,13116,1620183,-0.2037,1923000,235568,,,TSE
0050 元大台灣50,2022-06-17,26.9523,27.0636,26.8186,26.9189,21263,2569840,-1.3469,1923500,232455,,,TSE
0050 元大台灣50,2022-06-20,26.93,26.9411,26.6181,26.6738,11621,1395030,-0.9102,1925500,230579,,,TSE
0050 元大台灣50,2022-06-21,26.9411,27.2196,26.8075,27.2196,6691,812035,2.0459,1948500,238107,,,TSE
0050 元大台灣50,2022-06-22,27.1082,27.1082,26.5847,26.6181,16172,1939003,-2.2095,1955000,233623,,,TSE
0050 元大台灣50,2022-06-23,26.685,26.685,26.117,26.2618,18053,2134106,-1.3389,1977000,233088,,,TSE
0050 元大台灣50,2022-06-24,26.4288,26.5736,26.2729,26.3174,11166,1324805,0.212,1987000,234764,,,TSE
0050 元大台灣50,2022-06-27,26.685,27.0525,26.685,26.9411,16926,2049732,2.3699,2002500,242202,,,TSE
0050 元大台灣50,2022-06-28,26.9077,26.9077,26.5625,26.685,11140,1333751,-0.9508,2006000,240319,,,TSE
0050 元大台灣50,2022-06-29,26.44,26.6293,26.3954,26.4622,6670,793045,-0.8347,2016000,239501,,,TSE
0050 元大台灣50,2022-06-30,26.2172,26.2395,25.7272,25.794,22064,2563829,-2.5253,2028000,234842,,,TSE
0050 元大台灣50,2022-07-01,25.7606,25.7606,24.7694,24.8473,36878,4168809,-3.6701,2035000,227004,,,TSE
0050 元大台灣50,2022-07-04,24.7805,24.9921,24.5021,24.6023,27456,3044859,-0.9861,2052000,226643,,,TSE
0050 元大台灣50,2022-07-05,25.0701,25.1592,24.2793,24.7248,17050,1887614,0.498,2052000,227772,,,TSE
0050 元大台灣50,2022-07-06,24.7248,24.7359,24.1568,24.2459,16720,1831687,-1.9369,2058000,224013,,,TSE
0050 元大台灣50,2022-07-07,24.3795,24.981,24.1791,24.9698,13797,1529508,2.9858,2058000,230702,,,TSE
0050 元大台灣50,2022-07-08,25.2371,25.3708,25.0144,25.226,10632,1204020,1.0259,2058000,233069,,,TSE
0050 元大台灣50,2022-07-11,25.3151,25.3262,24.9141,25.0032,8031,904913,-0.883,2058000,231011,,,TSE
0050 元大台灣50,2022-07-12,24.7137,24.7137,24.3127,24.4018,12036,1321731,-2.4053,2058000,225454,,,TSE
0050 元大台灣50,2022-07-13,25.1703,25.3151,25.0812,25.2705,25339,2868407,3.56,2063000,234047,,,TSE
0050 元大台灣50,2022-07-14,25.1035,25.4487,24.903,25.393,15117,1713783,0.4848,2061000,234954,,,TSE
0050 元大台灣50,2022-07-15,25.5267,25.7606,25.3374,25.7272,19084,2192351,1.3158,2049500,236717,,,TSE
0050 元大台灣50,2022-07-18,25.942,25.9872,25.7836,25.8401,22677,2593194,0.4329,2055000,234681,,,TSE
0050 元大台灣50,2022-07-19,25.7836,25.942,25.7044,25.8628,13479,1540004,0.0876,2079000,237630,,,TSE
0050 元大台灣50,2022-07-20,26.2135,26.2927,25.9533,26.0325,17257,1993667,0.6562,2068500,237981,,,TSE
0050 元大台灣50,2022-07-21,26.1117,26.3266,26.0212,26.3266,9016,1043315,1.1299,2071000,240961,,,TSE
0050 元大台灣50,2022-07-22,26.3832,26.519,26.3153,26.4285,15904,1855616,0.3868,2078000,242710,,,TSE
0050 元大台灣50,2022-07-25,26.3153,26.4624,26.2474,26.4058,10845,1264021,-0.0856,2085500,243378,,,TSE
0050 元大台灣50,2022-07-26,26.3832,26.3832,26.089,26.1682,13077,1513988,-0.8997,2085000,241130,,,TSE
0050 元大台灣50,2022-07-27,26.1343,26.4058,26.0551,26.4058,8102,939120,0.9079,2090000,243903,,,TSE
0050 元大台灣50,2022-07-28,26.666,26.6887,26.4511,26.4511,8557,1004795,0.1714,2090000,244321,,,TSE
0050 元大台灣50,2022-07-29,26.7339,26.8131,26.6208,26.7,8291,979364,0.941,2090000,246620,,,TSE
0050 元大台灣50,2022-08-01,26.7226,26.7226,26.519,26.6208,9841,1157739,-0.2966,2090000,245889,,,TSE
0050 元大台灣50,2022-08-02,26.3719,26.3719,26.0438,26.1456,18600,2149115,-1.785,2090000,241500,,,TSE
0050 元大台灣50,2022-08-03,26.1682,26.304,26.1343,26.304,8100,939263,0.6058,2095000,243544,,,TSE
0050 元大台灣50,2022-08-04,26.3266,26.4285,26.0664,26.3719,7108,826140,0.2581,2095000,244172,,,TSE
0050 元大台灣50,2022-08-05,26.7,27.0394,26.6774,27.0394,9625,1143739,2.5311,2095000,250353,,,TSE
0050 元大台灣50,2022-08-08,26.9262,26.9828,26.7679,26.9828,8966,1066313,-0.2092,2100000,250425,,,TSE
0050 元大台灣50,2022-08-09,26.7905,27.0394,26.7,26.9602,8186,971998,-0.0839,2100000,250215,,,TSE
0050 元大台灣50,2022-08-10,26.7,26.7452,26.5868,26.6774,7796,919415,-1.0491,2100000,247590,,,TSE
0050 元大台灣50,2022-08-11,27.1073,27.2543,27.062,27.1638,10957,1314562,1.8236,2100000,252105,,,TSE
0050 元大台灣50,2022-08-12,27.277,27.3788,27.2204,27.3335,8598,1038027,0.6247,2100000,253680,,,TSE
0050 元大台灣50,2022-08-15,27.4806,27.6277,27.4354,27.5824,9837,1198033,0.9106,2100000,255990,,,TSE
0050 元大台灣50,2022-08-16,27.6051,27.6729,27.5824,27.6277,10114,1235256,0.1641,2099000,256288,,,TSE
0050 元大台灣50,2022-08-17,27.6277,27.6729,27.5598,27.639,14115,1723131,0.041,2099000,256393,,,TSE
0050 元大台灣50,2022-08-18,27.4693,27.4806,27.3675,27.458,5637,683651,-0.6549,2099000,254714,,,TSE
0050 元大台灣50,2022-08-19,27.4354,27.6051,27.3562,27.5032,4315,523948,0.1648,2099000,255133,,,TSE
0050 元大台灣50,2022-08-22,27.1525,27.2091,27.0846,27.1073,8972,1076431,-1.4397,2094500,250921,,,TSE
0050 元大台灣50,2022-08-23,26.8244,26.9262,26.7452,26.7452,11095,1314798,-1.3356,2097500,247925,,,TSE
0050 元大台灣50,2022-08-24,26.881,26.9149,26.6208,26.6774,7558,892619,-0.2538,2091000,246529,,,TSE
0050 元大台灣50,2022-08-25,26.8131,27.0281,26.8018,26.9262,5143,611992,0.933,2107500,250793,,,TSE
0050 元大台灣50,2022-08-26,27.1186,27.1751,27.0281,27.062,10173,1219207,0.5042,2113000,252715,,,TSE
0050 元大台灣50,2022-08-29,26.304,26.4624,26.2474,26.3719,17248,2007953,-2.5502,2118000,246853,,,TSE
0050 元大台灣50,2022-08-30,26.3719,26.519,26.2927,26.4171,12722,1482741,0.1716,2118000,247277,,,TSE
0050 元大台灣50,2022-08-31,26.2361,26.6095,26.2022,26.6095,7324,854472,0.7281,2123500,249724,,,TSE
0050 元大台灣50,2022-09-01,26.1343,26.1569,25.9646,26.0551,23181,2670144,-2.0833,2121000,244233,,,TSE
0050 元大台灣50,2022-09-02,26.0438,26.0438,25.761,25.7723,15351,1755500,-1.0855,2126000,242151,,,TSE
0050 元大台灣50,2022-09-05,25.8175,25.9646,25.727,25.8288,9508,1084987,0.2195,2126500,242740,,,TSE
0050 元大台灣50,2022-09-06,25.9759,26.1117,25.8515,25.9985,6757,775277,0.657,2131500,244909,,,TSE
0050 元大台灣50,2022-09-07,25.5913,25.6026,25.365,25.3876,17431,1960146,-2.3499,2132500,239267,,,TSE
0050 元大台灣50,2022-09-08,25.5799,25.5799,25.4329,25.5686,7535,849210,0.713,2140500,241877,,,TSE
0050 元大台灣50,2022-09-12,26.089,26.1682,26.0212,26.1117,7850,905418,2.1239,2140500,247014,,,TSE
0050 元大台灣50,2022-09-13,26.2701,26.3379,26.1909,26.2474,4768,553524,0.5199,2141000,248356,,,TSE
0050 元大台灣50,2022-09-14,25.5799,25.7836,25.5234,25.7157,11875,1347366,-2.0259,2141000,243325,,,TSE
0050 元大台灣50,2022-09-15,25.6818,25.8515,25.6139,25.761,4051,460557,0.176,2139000,243525,,,TSE
0050 元大台灣50,2022-09-16,25.4894,25.5347,25.4102,25.4668,13858,1558832,-1.1419,2129000,239619,,,TSE
0050 元大台灣50,2022-09-19,25.5573,25.5573,25.3197,25.3537,7705,864575,-0.4442,2136500,239395,,,TSE
0050 元大台灣50,2022-09-20,25.4668,25.6026,25.3989,25.5799,5999,675492,0.8925,2093000,236614,,,TSE
0050 元大台灣50,2022-09-21,25.5234,25.5234,25.2971,25.365,11672,1309037,-0.8403,2093000,234625,,,TSE
0050 元大台灣50,2022-09-22,24.9803,25.0595,24.7767,25.0595,16093,1772402,-1.2043,2086500,231080,,,TSE
0050 元大台灣50,2022-09-23,24.9464,24.969,24.7427,24.8219,15826,1738392,-0.9481,2089500,229218,,,TSE
0050 元大台灣50,2022-09-26,24.4486,24.4486,24.2449,24.3581,21804,2343738,-1.8687,2094500,225473,,,TSE
0050 元大台灣50,2022-09-27,24.392,24.426,24.211,24.3241,9580,1029687,-0.1393,2098000,225535,,,TSE
0050 元大台灣50,2022-09-28,24.3468,24.3581,23.815,23.815,20345,2153739,-2.093,2098500,220867,,,TSE
0050 元大台灣50,2022-09-29,24.0865,24.0865,23.6679,23.7358,11208,1180322,-0.3325,2103500,220657,,,TSE
0050 元大台灣50,2022-09-30,23.3738,23.5096,23.3059,23.4077,13648,1411909,-1.3823,2106500,217917,,,TSE
0050 元大台灣50,2022-10-03,23.1928,23.4417,23.091,23.1249,11975,1228448,-1.2083,2099000,214518,,,TSE
0050 元大台灣50,2022-10-04,23.6566,23.7132,23.5548,23.7132,7833,819071,2.544,2100500,220132,,,TSE
0050 元大台灣50,2022-10-05,24.0979,24.4033,24.0639,24.2676,11194,1200114,2.3378,2098000,225011,,,TSE
0050 元大台灣50,2022-10-06,24.392,24.4373,24.3241,24.4373,8691,937261,0.6993,2104000,227232,,,TSE
0050 元大台灣50,2022-10-07,24.3015,24.3015,24.0074,24.03,9160,976696,-1.6667,2106000,223657,,,TSE
0050 元大台灣50,2022-10-11,23.0796,23.1136,22.7402,22.7855,34441,3486069,-5.1789,2112000,212678,,,TSE
0050 元大台灣50,2022-10-12,22.7176,22.7855,22.5253,22.6724,14465,1447866,-0.4965,2156000,216031,,,TSE
0050 元大台灣50,2022-10-13,22.7515,22.7515,22.4008,22.4008,22325,2221287,-1.1976,2157000,213543,,,TSE
0050 元大台灣50,2022-10-14,23.0231,23.1475,22.876,23.0457,11783,1199217,2.8788,2166500,220658,,,TSE
0050 元大台灣50,2022-10-17,22.6158,22.6497,22.4121,22.6158,20644,2056968,-1.8655,2173500,217241,,,TSE
0050 元大台灣50,2022-10-18,22.9665,22.9778,22.6158,22.876,6617,666287,1.1506,2180000,220398,,,TSE
0050 元大台灣50,2022-10-19,22.8081,22.8534,22.5253,22.5705,16168,1619067,-1.3353,2212000,220647,,,TSE
0050 元大台灣50,2022-10-20,22.2198,22.5027,22.0275,22.4461,20052,1965292,-0.5514,2220000,220224,,,TSE
0050 元大台灣50,2022-10-21,22.4687,22.5932,22.3329,22.3782,12689,1258389,-0.3024,2223500,219904,,,TSE
0050 元大台灣50,2022-10-24,22.7968,22.8081,22.3103,22.3103,17387,1726288,-0.3033,2235500,220420,,,TSE
0050 元大台灣50,2022-10-25,22.3103,22.3103,21.8352,21.8804,21366,2076591,-1.927,2250500,217623,,,TSE
0050 元大台灣50,2022-10-26,21.9143,22.1746,21.8352,22.084,11205,1090637,0.9307,2256500,220234,,,TSE
0050 元大台灣50,2022-10-27,22.2877,22.48,22.2877,22.4008,8254,817258,1.4344,2257000,223443,,,TSE
0050 元大台灣50,2022-10-28,22.3103,22.3103,22.0049,22.118,12102,1184927,-1.2626,2261000,221013,,,TSE
0050 元大台灣50,2022-10-31,22.3669,22.48,22.1972,22.4121,10298,1018326,1.3299,2261000,223952,,,TSE
0050 元大台灣50,2022-11-01,22.3669,22.6158,22.3556,22.5366,8491,845001,0.5553,2268500,225943,,,TSE
0050 元大台灣50,2022-11-02,22.5366,22.6384,22.4913,22.6271,7245,722735,0.4016,2268500,226850,,,TSE
0050 元大台灣50,2022-11-03,22.2877,22.3669,22.2538,22.3329,14068,1387625,-1.3,2268500,223901,,,TSE
0050 元大台灣50,2022-11-04,22.1972,22.3895,22.0614,22.3669,6727,660289,0.152,2271500,224538,,,TSE
0050 元大台灣50,2022-11-07,22.5818,22.8194,22.5253,22.7515,12464,1250474,1.7198,2273500,228600,,,TSE
0050 元大台灣50,2022-11-08,22.9552,23.0683,22.9099,22.9891,10726,1090564,1.0443,2275500,231191,,,TSE
0050 元大台灣50,2022-11-09,23.2041,23.6453,23.2041,23.6453,19308,2005296,2.8543,2276000,237842,,,TSE
0050 元大台灣50,2022-11-10,23.4077,23.4982,23.3512,23.419,15112,1563929,-0.9569,2277000,235670,,,TSE
0050 元大台灣50,2022-11-11,24.5617,24.6635,24.392,24.6635,35134,3816107,5.314,2286000,249174,,,TSE
0050 元大台灣50,2022-11-14,24.8446,24.9803,24.754,24.8898,18631,2048246,0.9174,2288000,251680,,,TSE
0050 元大台灣50,2022-11-15,25.1613,26.0099,25.1613,25.9533,34799,3949308,4.2727,2289500,262606,,,TSE
0050 元大台灣50,2022-11-16,26.0212,26.1909,25.761,25.908,24251,2780841,-0.1744,2290500,262262,,,TSE
0050 元大台灣50,2022-11-17,25.7836,25.942,25.5347,25.9193,13741,1563715,0.0437,2290500,262377,,,TSE
0050 元大台灣50,2022-11-18,25.9985,26.2135,25.8062,25.8515,10968,1260274,-0.2619,2290500,261690,,,TSE
0050 元大台灣50,2022-11-21,25.8741,25.942,25.727,25.761,8978,1024589,-0.3501,2285500,260204,,,TSE
0050 元大台灣50,2022-11-22,25.6591,26.0212,25.5799,25.9759,5798,662093,0.8344,2285500,262375,,,TSE
0050 元大台灣50,2022-11-23,26.1682,26.2248,26.0325,26.1569,8224,950304,0.6969,2285500,264204,,,TSE
0050 元大台灣50,2022-11-24,26.2474,26.4398,26.2248,26.4058,15641,1817903,0.9516,2291000,267360,,,TSE
0050 元大台灣50,2022-11-25,26.3945,26.4624,26.3266,26.4058,16343,1907311,0.0,2291000,267360,,,TSE
0050 元大台灣50,2022-11-28,25.9307,26.089,25.7723,25.8741,15627,1790790,-2.0137,2292000,262090,,,TSE
0050 元大台灣50,2022-11-29,25.761,26.1117,25.5913,26.1117,10926,1249914,0.9182,2299000,265305,,,TSE
0050 元大台灣50,2022-11-30,26.0438,26.3379,25.9872,26.3266,9535,1105729,0.8232,2299000,267489,,,TSE
0050 元大台灣50,2022-12-01,26.9715,27.0394,26.7,26.7792,25136,2986426,1.719,2303500,272619,,,TSE
0050 元大台灣50,2022-12-02,26.5416,26.6887,26.4737,26.5416,7796,915125,-0.8872,2306500,270552,,,TSE
0050 元大台灣50,2022-12-05,26.5416,26.8131,26.519,26.5755,12330,1453977,0.1279,2308000,271075,,,TSE
0050 元大台灣50,2022-12-06,26.4285,26.4285,26.0664,26.089,10637,1233830,-1.8306,2308000,266112,,,TSE
0050 元大台灣50,2022-12-07,25.908,26.2135,25.8401,25.9307,8636,992227,-0.6071,2308000,264497,,,TSE
0050 元大台灣50,2022-12-08,25.8062,25.8175,25.4442,25.6252,9682,1095896,-1.178,2309000,261494,,,TSE
0050 元大台灣50,2022-12-09,25.7949,26.0777,25.7836,26.0212,6394,733944,1.5453,2309000,265535,,,TSE
0050 元大台灣50,2022-12-12,25.8401,25.8401,25.6252,25.7723,8764,996031,-0.9565,2309000,262995,,,TSE
0050 元大台灣50,2022-12-13,25.908,25.908,25.6252,25.6591,6860,780649,-0.439,2317000,262748,,,TSE
0050 元大台灣50,2022-12-14,25.8175,26.0212,25.7949,25.9759,8037,921921,1.2346,2317000,265992,,,TSE
0050 元大台灣50,2022-12-15,25.8628,26.0325,25.7723,25.9985,8045,920687,0.0871,2317000,266223,,,TSE
0050 元大台灣50,2022-12-16,25.4555,25.6365,25.3989,25.5686,12792,1442269,-1.6536,2317000,261821,,,TSE
0050 元大台灣50,2022-12-19,25.4215,25.5573,25.3424,25.4215,6504,731424,-0.5752,2317000,260315,,,TSE
0050 元大台灣50,2022-12-20,25.3763,25.4555,24.9011,24.9577,13446,1495479,-1.8247,2307000,254462,,,TSE
0050 元大台灣50,2022-12-21,25.0708,25.2066,24.9577,25.0595,12203,1350469,0.408,2307000,255500,,,TSE
0050 元大台灣50,2022-12-22,25.2858,25.5121,25.2858,25.4781,5166,580351,1.6704,2307000,259768,,,TSE
0050 元大台灣50,2022-12-23,25.0482,25.1274,24.9803,25.0482,6556,725974,-1.6874,2307000,255385,,,TSE
0050 元大台灣50,2022-12-26,25.0708,25.1613,25.0482,25.1387,4258,472402,0.3613,2307000,256308,,,TSE
0050 元大台灣50,2022-12-27,25.2066,25.3989,25.2066,25.2518,4269,477679,0.45,2307000,257461,,,TSE
0050 元大台灣50,2022-12-28,25.0029,25.0029,24.754,24.8898,13002,1428236,-1.4337,2307000,253770,,,TSE
0050 元大台灣50,2022-12-29,24.7088,24.7993,24.5278,24.7767,14342,1562777,-0.4545,2307000,252617,,,TSE
0050 元大台灣50,2022-12-30,25.0256,25.0595,24.9351,24.9351,8890,982130,0.6393,2307000,254231,,,TSE
0050 元大台灣50,2023-01-03,24.7993,25.0935,24.5391,25.0595,15272,1673263,0.4991,2312500,256109,,,TSE
0050 元大台灣50,2023-01-04,24.9577,25.0708,24.9124,25.0029,14211,1569704,-0.2257,2307000,254924,,,TSE
0050 元大台灣50,2023-01-05,25.1726,25.2745,25.1048,25.184,12395,1379134,0.724,2308500,256936,,,TSE
0050 元大台灣50,2023-01-06,25.1613,25.3876,25.15,25.2971,11826,1321964,0.4492,2318500,259208,,,TSE
0050 元大台灣50,2023-01-09,25.7949,26.2022,25.7723,26.2022,15649,1796709,3.5778,2319000,268540,,,TSE
0050 元大台灣50,2023-01-10,26.2361,26.3379,26.1909,26.304,12427,1442160,0.3886,2324500,270223,,,TSE
0050 元大台灣50,2023-01-11,26.3945,26.4171,26.2248,26.3266,15849,1841541,0.086,2329000,270979,,,TSE
0050 元大台灣50,2023-01-12,26.3606,26.3832,26.1682,26.2135,10249,1189043,-0.4297,2308000,267382,,,TSE
0050 元大台灣50,2023-01-13,26.8131,26.8357,26.4624,26.519,28912,3396535,1.1653,2305500,270205,,,TSE
0050 元大台灣50,2023-01-16,26.7226,26.8244,26.7,26.7226,28203,3334058,0.7679,2301500,271807,,,TSE
0050 元大台灣50,2023-01-17,26.7792,26.7792,26.6547,26.7226,14600,1723846,0.0,2260500,266965,,,TSE
0050 元大台灣50,2023-01-30,27.9489,27.9952,27.7638,27.9258,44330,5335880,4.403,2260500,272842,,,TSE
0050 元大台灣50,2023-01-31,27.9026,27.9026,27.3705,27.3705,22474,2681531,-1.9884,2260500,267417,,,TSE
0050 元大台灣50,2023-02-01,27.5556,27.6365,27.4052,27.5324,6903,821124,0.5917,2260500,269000,,,TSE
0050 元大台灣50,2023-02-02,27.8332,28.0183,27.8216,27.9952,16194,1956007,1.6807,2259500,273400,,,TSE
0050 元大台灣50,2023-02-03,27.9836,28.0414,27.8101,27.9952,9934,1200856,0.0,2259500,273400,,,TSE
0050 元大台灣50,2023-02-06,27.7869,27.7869,27.5903,27.5903,14297,1709758,-1.4463,2264500,270042,,,TSE
0050 元大台灣50,2023-02-07,27.5556,27.5903,27.4283,27.5324,8787,1045314,-0.2096,2264500,269476,,,TSE
0050 元大台灣50,2023-02-08,27.7869,27.9836,27.7638,27.9605,9239,1114132,1.5546,2266000,273846,,,TSE
0050 元大台灣50,2023-02-09,27.8795,27.9952,27.8332,27.972,5032,607543,0.0414,2266000,273959,,,TSE
0050 元大台灣50,2023-02-10,27.972,28.0183,27.9026,27.9952,6572,794912,0.0827,2266500,274247,,,TSE
0050 元大台灣50,2023-02-13,27.9258,27.972,27.7407,27.9373,4149,499573,-0.2066,2266500,273680,,,TSE
0050 元大台灣50,2023-02-14,28.053,28.1803,28.053,28.1456,7965,968395,0.7453,2264500,275476,,,TSE
0050 元大台灣50,2023-02-15,27.7522,27.8216,27.4862,27.4977,13852,1653181,-2.3017,2264500,269136,,,TSE
0050 元大台灣50,2023-02-16,27.6018,27.8795,27.6018,27.8332,11233,1349768,1.22,2269000,272961,,,TSE
0050 元大台灣50,2023-02-17,27.6018,27.6018,27.3936,27.4746,8960,1064028,-1.2884,2259000,268256,,,TSE
0050 元大台灣50,2023-02-20,27.4283,27.6134,27.3242,27.5324,6230,741121,0.2105,2264000,269416,,,TSE
0050 元大台灣50,2023-02-21,27.5324,27.5556,27.4283,27.5209,4772,567003,-0.042,2264000,269303,,,TSE
0050 元大台灣50,2023-02-22,27.1854,27.2432,27.0928,27.2201,12041,1414076,-1.0929,2276500,267830,,,TSE
0050 元大台灣50,2023-02-23,27.2895,27.7175,27.2895,27.625,6448,768858,1.4875,2279500,272172,,,TSE
0050 元大台灣50,2023-02-24,27.7407,27.7869,27.4862,27.4862,5828,695430,-0.5025,2284500,271399,,,TSE
0050 元大台灣50,2023-03-01,27.1391,27.6365,27.035,27.6134,7996,945839,0.463,2284500,272655,,,TSE
0050 元大台灣50,2023-03-02,27.6134,27.6134,27.3705,27.5903,3750,446314,-0.0838,2284500,272427,,,TSE
0050 元大台灣50,2023-03-03,27.7175,27.7869,27.5787,27.6134,3341,399317,0.0839,2284500,272655,,,TSE
0050 元大台灣50,2023-03-06,27.7985,27.972,27.7407,27.8795,9805,1180244,0.9636,2284500,275282,,,TSE
0050 元大台灣50,2023-03-07,27.8911,28.0877,27.8101,28.0646,7894,955038,0.6639,2285000,277171,,,TSE
0050 元大台灣50,2023-03-08,27.8795,27.9026,27.7175,27.8332,6752,811622,-0.8244,2285000,274886,,,TSE
0050 元大台灣50,2023-03-09,27.9373,27.9489,27.8101,27.8101,3505,422340,-0.0831,2290000,275258,,,TSE
0050 元大台灣50,2023-03-10,27.4977,27.5209,27.3011,27.3705,15018,1778354,-1.5807,2296500,271676,,,TSE
0050 元大台灣50,2023-03-13,27.2895,27.5556,27.1623,27.4862,19295,2287800,0.4227,2300500,273299,,,TSE
0050 元大台灣50,2023-03-14,27.197,27.2895,27.1044,27.1854,12145,1427615,-1.0943,2300500,270309,,,TSE
0050 元大台灣50,2023-03-15,27.3936,27.463,27.1738,27.2085,12613,1487783,0.0851,2304500,271009,,,TSE
0050 元大台灣50,2023-03-16,27.116,27.1623,26.954,27.0813,16683,1950310,-0.4677,2304500,269742,,,TSE
0050 元大台灣50,2023-03-17,27.2664,27.5209,27.2548,27.5209,11087,1312228,1.6232,2304500,274120,,,TSE
0050 元大台灣50,2023-03-20,27.5209,27.544,27.2664,27.3242,7527,889553,-0.7146,2305000,272221,,,TSE
0050 元大台灣50,2023-03-21,27.4168,27.4746,27.3473,27.4515,3732,442410,0.4657,2305500,273548,,,TSE
0050 元大台灣50,2023-03-22,27.6365,27.972,27.6365,27.972,15003,1807359,1.8963,2306000,278795,,,TSE
0050 元大台灣50,2023-03-23,27.9142,28.2959,27.8679,28.1918,16090,1955072,0.7858,2300500,280316,,,TSE
0050 元大台灣50,2023-03-24,28.2265,28.2959,28.1224,28.2728,13919,1697778,0.2872,2298000,280816,,,TSE
0050 元大台灣50,2023-03-27,28.1687,28.2034,28.0414,28.0993,11001,1336572,-0.6137,2290500,278181,,,TSE
0050 元大台灣50,2023-03-28,27.9836,28.0299,27.8101,27.8563,10125,1219702,-0.8646,2288500,275535,,,TSE
0050 元大台灣50,2023-03-29,27.9142,28.0067,27.7985,27.9026,3255,392661,0.1661,2289000,276053,,,TSE
0050 元大台灣50,2023-03-30,28.0877,28.1571,27.9373,28.0414,11586,1404541,0.4975,2289000,277427,,,TSE
0050 元大台灣50,2023-03-31,28.1571,28.3075,28.0877,28.134,15218,1853800,0.33,2289000,278342,,,TSE
0050 元大台灣50,2023-04-06,27.9605,27.9952,27.8101,27.9952,8076,975648,-0.4934,2289000,276969,,,TSE
0050 元大台灣50,2023-04-07,28.053,28.0993,27.9489,27.9952,4623,559443,0.0,2289000,276969,,,TSE
0050 元大台灣50,2023-04-10,28.053,28.1456,27.972,27.9952,4503,545831,0.0,2289000,276969,,,TSE
0050 元大台灣50,2023-04-11,27.9952,28.0299,27.8563,27.9605,6233,753799,-0.124,2289000,276626,,,TSE
0050 元大台灣50,2023-04-12,27.9605,27.9605,27.7985,27.8911,3247,391083,-0.2482,2289000,275939,,,TSE
0050 元大台灣50,2023-04-13,27.7754,27.7985,27.6481,27.6481,7509,899888,-0.871,2287000,273297,,,TSE
0050 元大台灣50,2023-04-14,27.7638,27.972,27.7291,27.9142,3289,396239,0.9623,2287500,275987,,,TSE
0050 元大台灣50,2023-04-17,27.8448,27.8795,27.7175,27.8448,6061,728092,-0.2487,2293000,275963,,,TSE
0050 元大台灣50,2023-04-18,27.8448,27.8563,27.706,27.7522,5183,621931,-0.3324,2293500,275105,,,TSE
0050 元大台灣50,2023-04-19,27.7638,27.7754,27.4862,27.544,8700,1037538,-0.7503,2293500,273041,,,TSE
0050 元大台灣50,2023-04-20,27.4977,27.625,27.3936,27.5093,7081,841412,-0.126,2293500,272697,,,TSE
0050 元大台灣50,2023-04-21,27.6365,27.6597,27.4168,27.4399,5326,633413,-0.2523,2293500,272009,,,TSE
0050 元大台灣50,2023-04-24,27.2548,27.4168,27.2317,27.3358,7308,863114,-0.3794,2290500,270623,,,TSE
0050 元大台灣50,2023-04-25,27.3705,27.3705,26.9656,26.9772,21039,2465027,-1.3119,2294500,267539,,,TSE
0050 元大台灣50,2023-04-26,26.9656,26.9772,26.7574,26.8615,14209,1647263,-0.4288,2304000,267494,,,TSE
0050 元大台灣50,2023-04-27,26.8499,26.9887,26.7227,26.8383,10274,1192417,-0.0861,2309500,267902,,,TSE
0050 元大台灣50,2023-04-28,27.035,27.197,27.035,27.1623,6023,705691,1.2069,2312000,271429,,,TSE
0050 元大台灣50,2023-05-02,27.1738,27.3011,27.0928,27.2317,5572,655524,0.2555,2317000,272711,,,TSE
0050 元大台灣50,2023-05-03,27.1507,27.1507,27.0234,27.116,4652,544828,-0.4248,2319500,271845,,,TSE
0050 元大台灣50,2023-05-04,27.0697,27.1854,27.0003,27.1854,3888,455688,0.256,2339500,274891,,,TSE
0050 元大台灣50,2023-05-05,27.2317,27.3126,27.1623,27.2548,2550,300346,0.2553,2339000,275534,,,TSE
0050 元大台灣50,2023-05-08,27.4168,27.5093,27.382,27.4283,6287,746027,0.6367,2339500,277348,,,TSE
0050 元大台灣50,2023-05-09,27.4399,27.5324,27.3705,27.5093,4828,573008,0.2952,2339500,278167,,,TSE
0050 元大台灣50,2023-05-10,27.4862,27.4862,27.2201,27.2548,4685,553250,-0.9251,2340000,275652,,,TSE
0050 元大台灣50,2023-05-11,27.3589,27.4052,27.197,27.197,4031,475242,-0.2122,2340000,275067,,,TSE
0050 元大台灣50,2023-05-12,27.1044,27.1854,27.0119,27.116,4251,497565,-0.2977,2340500,274307,,,TSE
0050 元大台灣50,2023-05-15,27.0581,27.1507,26.9887,27.116,4584,536438,0.0,2340500,274307,,,TSE
0050 元大台灣50,2023-05-16,27.2779,27.5324,27.2664,27.4399,8154,966494,1.1945,2346500,278295,,,TSE
0050 元大台灣50,2023-05-17,27.4515,27.9258,27.4515,27.8911,26759,3216484,1.6442,2347500,282991,,,TSE
0050 元大台灣50,2023-05-18,28.1803,28.3191,28.134,28.2612,23085,2818081,1.3273,2351000,287175,,,TSE
0050 元大台灣50,2023-05-19,28.3653,28.4232,28.2728,28.3422,34913,4278148,0.2865,2352000,288120,,,TSE
0050 元大台灣50,2023-05-22,28.3422,28.3769,28.2497,28.2959,18271,2235344,-0.1633,2350000,287405,,,TSE
0050 元大台灣50,2023-05-23,28.2959,28.3769,28.1803,28.2728,12550,1533549,-0.0818,2350000,287170,,,TSE
0050 元大台灣50,2023-05-24,28.1456,28.1803,28.0183,28.134,11115,1349345,-0.491,2357500,286672,,,TSE
0050 元大台灣50,2023-05-25,28.4579,28.5504,28.3306,28.4695,12032,1479717,1.1924,2357500,290090,,,TSE
0050 元大台灣50,2023-05-26,28.9206,29.1636,28.9206,29.1404,25082,3153789,2.3568,2357500,296927,,,TSE
0050 元大台灣50,2023-05-29,29.4875,29.5106,29.2677,29.3255,15208,1929832,0.6352,2401500,304390,,,TSE
0050 元大台灣50,2023-05-30,29.3255,29.3949,29.2561,29.3255,12627,1600974,0.0,2411000,305594,,,TSE
0050 元大台灣50,2023-05-31,29.3139,29.3139,28.9553,29.1867,9229,1162014,-0.4734,2411000,304148,,,TSE
0050 元大台灣50,2023-06-01,29.0016,29.0594,28.8975,28.9553,4231,529306,-0.7927,2430500,304177,,,TSE
0050 元大台灣50,2023-06-02,29.1057,29.3834,29.1057,29.3255,8412,1064911,1.2785,2453500,310981,,,TSE
0050 元大台灣50,2023-06-05,29.3255,29.3371,29.2098,29.233,6813,862022,-0.3156,2508000,316886,,,TSE
0050 元大台灣50,2023-06-06,29.233,29.4412,29.1867,29.3139,6877,872451,0.277,2552000,323338,,,TSE
0050 元大台灣50,2023-06-07,29.3834,29.6726,29.3834,29.6379,12723,1627013,1.105,2576000,329986,,,TSE
0050 元大台灣50,2023-06-08,29.5916,29.661,29.2792,29.3487,5592,712598,-0.9758,2625500,333045,,,TSE
0050 元大台灣50,2023-06-09,29.499,29.661,29.4759,29.5684,5862,749792,0.7489,2675000,341865,,,TSE
0050 元大台灣50,2023-06-12,29.7304,29.9155,29.7304,29.8461,14318,1847755,0.939,2675500,345140,,,TSE
0050 元大台灣50,2023-06-13,30.1237,30.5286,30.1237,30.4361,24673,3237838,1.9767,2725000,358474,,,TSE
0050 元大台灣50,2023-06-14,30.4014,30.4476,30.3088,30.4245,7065,928061,-0.038,2653000,348870,,,TSE
0050 元大台灣50,2023-06-15,30.4361,30.5402,30.4245,30.517,11515,1517768,0.3042,2653000,349931,,,TSE
0050 元大台灣50,2023-06-16,30.4939,30.4939,30.332,30.4361,7586,997115,-0.2654,2653000,349002,,,TSE
0050 元大台灣50,2023-06-19,30.2972,30.4245,30.2047,30.3667,6339,831339,-0.2281,2653500,348272,,,TSE
0050 元大台灣50,2023-06-20,30.332,30.3667,30.1584,30.2047,6966,910631,-0.5333,2643500,345109,,,TSE
0050 元大台灣50,2023-06-21,30.2047,30.3204,30.1353,30.2047,26907,3512494,0.0,2641500,344848,,,TSE
0050 元大台灣50,2023-06-26,30.1584,30.1584,29.9386,30.0196,7961,1033662,-0.6128,2641500,342735,,,TSE
0050 元大台灣50,2023-06-27,29.8808,29.9733,29.7767,29.8229,7065,911566,-0.6551,2641500,340489,,,TSE
0050 元大台灣50,2023-06-28,29.9271,30.008,29.7998,29.8692,5943,767169,0.1552,2641500,341018,,,TSE
0050 元大台灣50,2023-06-29,30.0196,30.1931,29.8229,29.8577,6037,781610,-0.0387,2642000,340950,,,TSE
0050 元大台灣50,2023-06-30,29.7998,29.8692,29.6841,29.8692,7504,964915,0.0387,2642000,341082,,,TSE
0050 元大台灣50,2023-07-03,29.9849,30.2394,29.9849,30.2394,6979,910555,1.2393,2642500,345375,,,TSE
0050 元大台灣50,2023-07-04,30.251,30.3435,30.2047,30.3088,5919,774846,0.2295,2642500,346168,,,TSE
0050 元大台灣50,2023-07-05,30.3088,30.3551,30.17,30.2625,5405,706996,-0.1527,2642500,345639,,,TSE
0050 元大台灣50,2023-07-06,30.008,30.008,29.5453,29.5916,18056,2319934,-2.2171,2650000,338935,,,TSE
0050 元大台灣50,2023-07-07,29.5106,29.6841,29.4065,29.5453,8691,1108433,-0.1564,2650000,338405,,,TSE
0050 元大台灣50,2023-07-10,29.6379,29.7304,29.3834,29.4875,8506,1087197,-0.1958,2650000,337743,,,TSE
0050 元大台灣50,2023-07-11,29.6147,29.8924,29.6147,29.8924,4784,616545,1.3731,2628500,339602,,,TSE
0050 元大台灣50,2023-07-12,29.9155,29.9502,29.8114,29.9502,3615,467234,0.1935,2606500,337411,,,TSE
0050 元大台灣50,2023-07-13,30.3782,30.517,30.2741,30.2857,16226,2133901,1.1201,2536000,331962,,,TSE
0050 元大台灣50,2023-07-14,30.4129,30.6559,30.4129,30.598,15492,2045651,1.0313,2516500,332807,,,TSE
0050 元大台灣50,2023-07-17,30.5402,30.5865,30.4823,30.5402,15718,2074554,-0.189,2464500,325314,,,TSE
0050 元大台灣50,2023-07-18,30.7515,30.7515,30.4463,30.4815,11349,1476866,-0.1894,2464500,320015,,,TSE
0050 元大台灣50,2023-07-19,30.5519,30.6341,30.2233,30.2233,14711,1904179,-0.8471,2490500,320652,,,TSE
0050 元大台灣50,2023-07-20,30.2937,30.4463,30.282,30.3641,4065,526047,0.466,2485000,321435,,,TSE
0050 元大台灣50,2023-07-21,29.9064,29.9064,29.6951,29.8594,14040,1783482,-1.6622,2485000,316092,,,TSE
0050 元大台灣50,2023-07-24,29.8125,29.9651,29.7186,29.8712,10275,1306214,0.0393,2479500,315516,,,TSE
0050 元大台灣50,2023-07-25,29.9768,30.3289,29.9768,30.2468,7215,928837,1.2574,2479000,319419,,,TSE
0050 元大台灣50,2023-07-26,30.3055,30.3289,30.1294,30.1646,4653,599322,-0.2716,2479000,318552,,,TSE
0050 元大台灣50,2023-07-27,30.3172,30.3993,30.282,30.3993,4193,542308,0.7782,2474000,320383,,,TSE
0050 元大台灣50,2023-07-28,30.3759,30.4932,30.282,30.3993,2941,380885,0.0,2474000,320383,,,TSE
0050 元大台灣50,2023-07-31,30.5871,30.6693,30.1059,30.235,7751,1003262,-0.5405,2443000,314658,,,TSE
0050 元大台灣50,2023-08-01,30.282,30.4111,30.2468,30.3876,4681,605687,0.5047,2443000,316246,,,TSE
0050 元大台灣50,2023-08-02,30.3759,30.3876,29.9181,30.012,13214,1691372,-1.236,2443000,312338,,,TSE
0050 元大台灣50,2023-08-04,29.8712,29.9299,29.789,29.8712,7590,965724,-0.4693,2443000,310872,,,TSE
0050 元大台灣50,2023-08-07,29.9651,30.2116,29.9416,30.1646,4928,632072,0.9823,2443000,313926,,,TSE
0050 元大台灣50,2023-08-08,30.0707,30.0942,29.6716,29.8125,11518,1462740,-1.1673,2418000,307086,,,TSE
0050 元大台灣50,2023-08-09,29.7655,29.9651,29.7303,29.8594,3923,498949,0.1575,2418000,307570,,,TSE
0050 元大台灣50,2023-08-10,29.789,29.8125,29.6482,29.6716,12013,1520233,-0.6289,2418000,305635,,,TSE
0050 元大台灣50,2023-08-11,29.8125,29.8946,29.613,29.6482,8352,1057052,-0.0791,2430500,306972,,,TSE
0050 元大台灣50,2023-08-14,29.4956,29.5073,29.1317,29.2256,24758,3085645,-1.4252,2407500,299734,,,TSE
0050 元大台灣50,2023-08-15,29.4017,29.4486,29.2491,29.2726,8064,1007886,0.1606,2412500,300839,,,TSE
0050 元大台灣50,2023-08-16,29.1435,29.2022,29.0144,29.12,19265,2386950,-0.5213,2428500,301255,,,TSE
0050 元大台灣50,2023-08-17,29.0144,29.2608,28.85,29.2491,10203,1262107,0.4434,2433500,303214,,,TSE
0050 元大台灣50,2023-08-18,29.1552,29.2961,29.0378,29.073,8329,1033129,-0.6019,2433500,301389,,,TSE
0050 元大台灣50,2023-08-21,29.1552,29.2139,28.8735,28.8735,11056,1364733,-0.6863,2438500,299936,,,TSE
0050 元大台灣50,2023-08-22,29.1083,29.1904,29.0378,29.1083,3869,479695,0.813,2443500,302994,,,TSE
0050 元大台灣50,2023-08-23,29.1083,29.3782,29.1083,29.3078,6976,870807,0.6855,2443500,305071,,,TSE
0050 元大台灣50,2023-08-24,29.6716,29.836,29.6364,29.8125,7038,892217,1.7221,2443500,310325,,,TSE
0050 元大台灣50,2023-08-25,29.4604,29.4604,29.2256,29.2374,8003,1000262,-1.9291,2443500,304338,,,TSE
0050 元大台灣50,2023-08-28,29.3078,29.5073,29.2843,29.4252,4490,563092,0.6423,2446000,306606,,,TSE
0050 元大台灣50,2023-08-29,29.5777,29.5895,29.2726,29.5895,6680,837437,0.5584,2445000,308192,,,TSE
0050 元大台灣50,2023-08-30,29.7538,29.8242,29.6012,29.7186,5913,748785,0.4363,2446500,309727,,,TSE
0050 元大台灣50,2023-08-31,29.7069,29.7069,29.4604,29.5073,4631,582873,-0.7109,2444500,307274,,,TSE
0050 元大台灣50,2023-09-01,29.4604,29.6482,29.3665,29.5543,3298,415112,0.1591,2447000,308077,,,TSE
0050 元大台灣50,2023-09-04,29.5543,29.7655,29.4838,29.7538,3707,468203,0.6751,2444000,309777,,,TSE
0050 元大台灣50,2023-09-05,29.7069,29.7186,29.5895,29.6834,3941,497786,-0.2367,2444000,309044,,,TSE
0050 元大台灣50,2023-09-06,29.7186,29.7421,29.5425,29.5777,7625,961803,-0.3559,2446500,308259,,,TSE
0050 元大台灣50,2023-09-07,29.4134,29.4604,29.2726,29.3078,6411,801664,-0.9127,2434000,303885,,,TSE
0050 元大台灣50,2023-09-08,29.1317,29.2256,29.073,29.1787,6199,769574,-0.4405,2434000,302546,,,TSE
0050 元大台灣50,2023-09-11,29.2139,29.2256,28.9674,29.0613,9428,1166557,-0.4023,2436500,301639,,,TSE
0050 元大台灣50,2023-09-12,29.1317,29.3547,29.073,29.3547,2805,349339,1.0097,2436500,304684,,,TSE
0050 元大台灣50,2023-09-13,29.3899,29.4838,29.2726,29.3899,3406,426207,0.12,2442000,305738,,,TSE
0050 元大台灣50,2023-09-14,29.5543,29.8008,29.4721,29.8008,7617,963664,1.3978,2422000,307473,,,TSE
0050 元大台灣50,2023-09-15,29.8125,29.8946,29.7538,29.8946,6105,776049,0.3151,2422000,308442,,,TSE
0050 元大台灣50,2023-09-18,29.7186,29.7186,29.5425,29.5777,7560,953950,-1.0601,2422000,305172,,,TSE
0050 元大台灣50,2023-09-19,29.5425,29.5895,29.4252,29.4486,4357,547352,-0.4365,2360000,296062,,,TSE
0050 元大台灣50,2023-09-20,29.3547,29.3899,29.2256,29.2843,6502,811431,-0.558,2360000,294410,,,TSE
0050 元大台灣50,2023-09-21,29.0613,29.073,28.7914,28.8148,23194,2852690,-1.6032,2313000,283921,,,TSE
0050 元大台灣50,2023-09-22,28.7444,28.8266,28.6505,28.7914,10344,1266304,-0.0815,2328500,285591,,,TSE
0050 元大台灣50,2023-09-25,28.8148,29.0496,28.8148,29.0026,4337,534903,0.7338,2333500,288304,,,TSE
0050 元大台灣50,2023-09-26,28.7914,28.8735,28.6388,28.6622,11388,1392938,-1.1736,2333500,284920,,,TSE
0050 元大台灣50,2023-09-27,28.6036,28.7092,28.5331,28.674,7068,862259,0.041,2335000,285220,,,TSE
0050 元大台灣50,2023-09-28,28.8148,28.9087,28.6505,28.7914,5881,720853,0.4093,2353000,288595,,,TSE
0050 元大台灣50,2023-10-02,29.0144,29.2256,29.0144,29.1669,6751,838587,1.3045,2353000,292360,,,TSE
0050 元大台灣50,2023-10-03,29.0965,29.1435,28.9791,28.9909,5464,676825,-0.6036,2353000,290596,,,TSE
0050 元大台灣50,2023-10-04,28.6622,28.6857,28.4862,28.6153,12322,1500309,-1.2955,2353000,286831,,,TSE
0050 元大台灣50,2023-10-05,28.7327,29.0261,28.7327,29.0261,4410,543373,1.4356,2353000,290948,,,TSE
0050 元大台灣50,2023-10-06,29.0613,29.1787,29.0613,29.1317,5059,627964,0.3639,2348500,291449,,,TSE
0050 元大台灣50,2023-10-11,29.5543,29.6716,29.5425,29.6364,14193,1790523,1.7325,2348500,296498,,,TSE
0050 元大台灣50,2023-10-12,29.6951,29.8946,29.6482,29.8829,14896,1891391,0.8317,2348500,298964,,,TSE
0050 元大台灣50,2023-10-13,29.8125,29.9064,29.6951,29.8008,6625,841318,-0.2749,2323000,294905,,,TSE
0050 元大台灣50,2023-10-16,29.6482,29.6482,29.5073,29.6364,8160,1028565,-0.5514,2323000,293279,,,TSE
0050 元大台灣50,2023-10-17,29.7421,29.8125,29.6716,29.7069,7017,888838,0.2376,2323000,293976,,,TSE
0050 元大台灣50,2023-10-18,29.6364,29.6364,29.2961,29.2961,10455,1309803,-1.3829,2321500,289723,,,TSE
0050 元大台灣50,2023-10-19,29.2022,29.3899,29.2022,29.3078,8052,1005789,0.0401,2321500,289839,,,TSE
0050 元大台灣50,2023-10-20,29.2843,29.4486,29.0848,29.4369,4697,585353,0.4405,2321500,291116,,,TSE
0050 元大台灣50,2023-10-23,29.3078,29.3078,29.0026,29.073,8728,1081610,-1.236,2321500,287518,,,TSE
0050 元大台灣50,2023-10-24,29.0613,29.0965,28.8031,29.0965,7671,946216,0.0807,2321500,287750,,,TSE
0050 元大台灣50,2023-10-25,29.1552,29.3195,29.1552,29.1552,4229,526223,0.2017,2342000,290876,,,TSE
0050 元大台灣50,2023-10-26,28.6036,28.7327,28.5449,28.5801,24072,2932698,-1.9726,2327500,283373,,,TSE
0050 元大台灣50,2023-10-27,28.674,28.8148,28.6622,28.7092,4413,540170,0.4517,2335500,285632,,,TSE
0050 元大台灣50,2023-10-30,28.7327,28.8383,28.5801,28.6388,9793,1196075,-0.2453,2360500,287981,,,TSE
0050 元大台灣50,2023-10-31,28.7327,28.7444,28.4275,28.4392,11952,1453195,-0.6967,2372500,287428,,,TSE
0050 元大台灣50,2023-11-01,28.6388,28.674,28.4627,28.5801,4851,590621,0.4953,2372500,288852,,,TSE
0050 元大台灣50,2023-11-02,28.9087,29.2256,28.9087,29.2256,10198,1264950,2.2587,2372500,295376,,,TSE
0050 元大台灣50,2023-11-03,29.343,29.4838,29.2726,29.4486,9126,1142874,0.7631,2372500,297630,,,TSE
0050 元大台灣50,2023-11-06,29.7069,29.8594,29.6599,29.7069,16723,2122057,0.8768,2373000,300303,,,TSE
0050 元大台灣50,2023-11-07,29.6951,29.7655,29.6012,29.6951,6787,858536,-0.0395,2365000,299173,,,TSE
0050 元大台灣50,2023-11-08,29.7303,29.9181,29.6951,29.8594,11598,1474341,0.5534,2363500,300637,,,TSE
0050 元大台灣50,2023-11-09,29.789,29.9064,29.7303,29.8712,6557,833538,0.0393,2356000,299801,,,TSE
0050 元大台灣50,2023-11-10,29.7421,29.7773,29.6716,29.7538,4553,576769,-0.3929,2361500,299320,,,TSE
0050 元大台灣50,2023-11-13,30.3407,30.4228,30.1646,30.2116,26195,3377923,1.5385,2361500,303925,,,TSE
0050 元大台灣50,2023-11-14,30.3289,30.4228,30.2702,30.282,20924,2705445,0.2331,2341500,302054,,,TSE
0050 元大台灣50,2023-11-15,30.728,30.7515,30.5285,30.6458,23631,3088480,1.2016,2348500,306597,,,TSE
0050 元大台灣50,2023-11-16,30.7045,30.7984,30.5871,30.6576,18984,2481132,0.0383,2328500,304102,,,TSE
0050 元大台灣50,2023-11-17,30.6576,30.8688,30.6458,30.7515,27988,3673563,0.3063,2318500,303724,,,TSE
0050 元大台灣50,2023-11-20,30.7632,30.7632,30.6224,30.7397,8981,1174727,-0.0382,2304500,301774,,,TSE
0050 元大台灣50,2023-11-21,30.8571,31.1505,30.8571,31.1153,29656,3927372,1.2218,2295000,304202,,,TSE
0050 元大台灣50,2023-11-22,30.8102,30.9393,30.7867,30.8336,6466,850217,-0.9053,2303000,302499,,,TSE
0050 元大台灣50,2023-11-23,30.8336,30.8571,30.6928,30.8219,6536,857653,-0.0381,2293500,301137,,,TSE
0050 元大台灣50,2023-11-24,30.8219,30.904,30.7632,30.7984,13467,1768269,-0.0762,2291500,300645,,,TSE
0050 元大台灣50,2023-11-27,30.7984,30.951,30.5402,30.5989,9897,1294524,-0.6479,2291500,298697,,,TSE
0050 元大台灣50,2023-11-28,30.6106,30.9393,30.5871,30.8102,9871,1294408,0.6904,2293000,300956,,,TSE
0050 元大台灣50,2023-11-29,30.8219,31.0332,30.7632,30.7867,6856,901479,-0.0762,2289500,300268,,,TSE
0050 元大台灣50,2023-11-30,30.8219,30.8688,30.6693,30.8336,11141,1461693,0.1525,2289500,300726,,,TSE
0050 元大台灣50,2023-12-01,30.7515,30.9393,30.7045,30.9393,5597,735215,0.3426,2289500,301756,,,TSE
0050 元大台灣50,2023-12-04,30.9393,30.9862,30.728,30.8219,4696,616828,-0.3794,2289500,300611,,,TSE
0050 元大台灣50,2023-12-05,30.6576,30.6576,30.4932,30.5989,5239,681967,-0.7235,2289500,298436,,,TSE
0050 元大台灣50,2023-12-06,30.6106,30.8454,30.6106,30.7045,7348,961804,0.3452,2289500,299467,,,TSE
0050 元大台灣50,2023-12-07,30.6576,30.6693,30.5167,30.5167,3015,392931,-0.6116,2289500,297635,,,TSE
0050 元大台灣50,2023-12-08,30.7867,30.8923,30.728,30.7632,13264,1741413,0.8077,2289500,300039,,,TSE
0050 元大台灣50,2023-12-11,30.7632,30.8336,30.6693,30.7984,3510,459990,0.1145,2296500,301301,,,TSE
0050 元大台灣50,2023-12-12,30.9627,30.9979,30.8336,30.8688,5725,754266,0.2287,2296500,301990,,,TSE
0050 元大台灣50,2023-12-13,30.8923,30.9393,30.8454,30.8806,3169,417085,0.038,2302500,302894,,,TSE
0050 元大台灣50,2023-12-14,31.1388,31.3266,31.1036,31.2562,32957,4385238,1.2163,2305000,306911,,,TSE
0050 元大台灣50,2023-12-15,31.3735,31.5026,31.3735,31.3853,18914,2533436,0.4131,2311000,308981,,,TSE
0050 元大台灣50,2023-12-18,31.3735,31.4322,31.1271,31.4322,7066,942681,0.1496,2311500,309510,,,TSE
0050 元大台灣50,2023-12-19,31.4087,31.4087,31.1623,31.3148,5870,781918,-0.3734,2311000,308287,,,TSE
0050 元大台灣50,2023-12-20,31.3501,31.4205,31.3148,31.397,6963,930578,0.2624,2295500,307023,,,TSE
0050 元大台灣50,2023-12-21,31.0332,31.1505,30.9979,31.1271,5619,743838,-0.8598,2295500,304383,,,TSE
0050 元大台灣50,2023-12-22,31.1271,31.2444,31.1271,31.2092,6358,844967,0.264,2295500,305187,,,TSE
0050 元大台灣50,2023-12-25,31.221,31.4087,31.2092,31.3383,8406,1122521,0.4137,2295500,306449,,,TSE
0050 元大台灣50,2023-12-26,31.3383,31.5496,31.3383,31.5144,17326,2325240,0.5618,2296000,308238,,,TSE
0050 元大台灣50,2023-12-27,31.5496,31.9017,31.5379,31.8665,30857,4177189,1.1173,2280000,309510,,,TSE
0050 元大台灣50,2023-12-28,31.8665,31.9252,31.7961,31.8665,15353,2085248,0.0,2289000,310732,,,TSE
0050 元大台灣50,2023-12-29,31.8548,31.9252,31.7726,31.7961,13407,1819068,-0.221,2278000,308555,,,TSE
0050 元大台灣50,2024-01-02,31.8313,31.9134,31.6083,31.667,6283,848793,-0.4061,2278000,307302,,,TSE
0050 元大台灣50,2024-01-03,31.3853,31.4322,31.0566,31.1153,14783,1963126,-1.742,2266500,300425,,,TSE
0050 元大台灣50,2024-01-04,31.1153,31.1623,31.0566,31.1036,4838,641202,-0.0377,2269500,300709,,,TSE
0050 元大台灣50,2024-01-05,31.1153,31.2092,31.0097,31.0214,4566,604475,-0.2642,2269500,299914,,,TSE
0050 元大台灣50,2024-01-08,31.221,31.3618,31.1623,31.1623,9657,1285524,0.454,2269500,301276,,,TSE
0050 元大台灣50,2024-01-09,31.4205,31.444,31.1623,31.221,5906,787405,0.1883,2255500,299982,,,TSE
0050 元大台灣50,2024-01-10,31.0801,31.1388,30.9862,31.0566,7249,959855,-0.5263,2237000,295955,,,TSE
0050 元大台灣50,2024-01-11,31.0918,31.2796,31.0684,31.1857,5852,777172,0.4157,2243000,297983,,,TSE
0050 元大台灣50,2024-01-12,31.0332,31.2327,30.9745,31.1388,6877,911710,-0.1505,2243000,297534,,,TSE
0050 元大台灣50,2024-01-15,31.2914,31.3501,31.1388,31.221,12566,1673280,0.2639,2243000,298319,,,TSE
0050 元大台灣50,2024-01-16,30.9979,31.0566,30.7749,30.904,23016,3029504,-1.015,2203000,290025,,,TSE
0050 元大台灣50,2024-01-17,31.2283,31.2283,30.5798,30.6158,39219,5016755,-0.9115,2203000,280772,,,TSE
0050 元大台灣50,2024-01-18,30.7239,30.88,30.7239,30.82,7535,965672,0.6669,2215000,284185,,,TSE
0050 元大台灣50,2024-01-19,31.6367,31.973,31.4926,31.925,26897,3553992,3.5853,2229500,296301,,,TSE
0050 元大台灣50,2024-01-22,32.1412,32.2733,32.0331,32.1412,13443,1799399,0.6772,2234500,298976,,,TSE
0050 元大台灣50,2024-01-23,32.1652,32.2493,32.0691,32.2012,7339,982801,0.1868,2222500,297926,,,TSE
0050 元大台灣50,2024-01-24,32.2252,32.2853,32.1772,32.1892,14554,1953259,-0.0373,2223000,297882,,,TSE
0050 元大台灣50,2024-01-25,32.4414,32.5976,32.4054,32.5856,27224,3687022,1.2313,2223000,301550,,,TSE
0050 元大台灣50,2024-01-26,32.5856,32.6576,32.5015,32.5856,16456,2234146,0.0,2201000,298566,,,TSE
0050 元大台灣50,2024-01-29,32.5856,32.8258,32.5736,32.7898,27291,3720069,0.6266,2177000,297161,,,TSE
0050 元大台灣50,2024-01-30,32.7537,32.8258,32.6817,32.7057,9944,1356292,-0.2564,2177000,296399,,,TSE
0050 元大台灣50,2024-01-31,32.4895,32.5015,32.2733,32.2733,7320,985961,-1.3221,2164500,290801,,,TSE
0050 元大台灣50,2024-02-01,32.2733,32.3093,32.0931,32.2733,8812,1180328,0.0,2165000,290868,,,TSE
0050 元大台灣50,2024-02-02,32.4294,32.4775,32.3454,32.4535,9178,1238629,0.5582,2165000,292492,,,TSE
0050 元大台灣50,2024-02-05,32.4535,32.7177,32.4294,32.6576,17961,2439229,0.6292,2164500,294264,,,TSE
0050 元大台灣50,2024-02-15,34.159,34.2791,33.9668,34.195,44444,6313384,4.7076,2157500,307120,,,TSE
0050 元大台灣50,2024-02-16,34.195,34.195,33.9188,33.9428,18273,2589642,-0.7376,2150000,303795,,,TSE
0050 元大台灣50,2024-02-19,33.8707,33.9308,33.7747,33.8948,9632,1357473,-0.1415,2136500,301460,,,TSE
0050 元大台灣50,2024-02-20,33.7626,34.111,33.7266,34.0269,13875,1965919,0.3898,2121500,300510,,,TSE
0050 元大台灣50,2024-02-21,33.9668,33.9908,33.8827,33.9188,12860,1817231,-0.3177,2114000,298497,,,TSE
0050 元大台灣50,2024-02-22,34.3392,34.3632,34.0749,34.3031,13160,1875242,1.1331,2114000,301879,,,TSE
0050 元大台灣50,2024-02-23,34.4593,34.6154,34.4232,34.5313,19974,2872323,0.6653,2110500,303384,,,TSE
0050 元大台灣50,2024-02-26,34.5193,34.5914,34.3512,34.5794,10368,1491081,0.1391,2102500,302655,,,TSE
0050 元大台灣50,2024-02-27,34.5794,34.6394,34.2671,34.4353,6507,933504,-0.4168,2099500,300963,,,TSE
0050 元大台灣50,2024-02-29,34.3512,34.5794,34.2791,34.4232,7372,1055974,-0.0349,2097500,300572,,,TSE
0050 元大台灣50,2024-03-01,34.4833,34.5794,34.3031,34.3031,9019,1292041,-0.3489,2102500,300237,,,TSE
0050 元大台灣50,2024-03-04,34.8316,35.3601,34.7956,35.3,25733,3766826,2.9062,2100000,308595,,,TSE
0050 元大台灣50,2024-03-05,35.4922,35.6844,35.3961,35.5883,17270,2557952,0.8166,2086000,309041,,,TSE
0050 元大台灣50,2024-03-06,35.312,35.8045,35.1679,35.7564,17232,2554806,0.4725,2067500,307747,,,TSE
0050 元大台灣50,2024-03-07,36.2729,36.7534,36.2129,36.5852,31117,4732119,2.3178,2050500,312291,,,TSE
0050 元大台灣50,2024-03-08,37.3779,37.5821,36.7534,37.1017,30512,4733555,1.4117,2026000,312916,,,TSE
0050 元大台灣50,2024-03-11,36.9575,37.0416,36.6453,36.7293,13908,2131482,-1.0036,2024500,309546,,,TSE
0050 元大台灣50,2024-03-12,36.5612,37.1377,36.5372,37.1137,15457,2377895,1.0464,2022000,312399,,,TSE
0050 元大台灣50,2024-03-13,37.3659,37.51,37.2218,37.2938,13431,2088230,0.4854,2020000,313605,,,TSE
0050 元大台灣50,2024-03-14,37.2098,37.426,37.0656,37.2578,8777,1361442,-0.0966,2015500,312604,,,TSE
0050 元大台灣50,2024-03-15,37.0656,37.1737,36.7534,36.7534,9218,1418850,-1.354,2027000,310131,,,TSE
0050 元大台灣50,2024-03-18,36.7534,37.1137,36.7534,37.0897,18434,2836201,0.915,2017000,311425,,,TSE
0050 元大台灣50,2024-03-19,36.8494,37.1257,36.7534,37.0056,8872,1365460,-0.2267,2000500,308177,,,TSE
0050 元大台灣50,2024-03-20,37.0416,37.3059,36.7534,36.8014,10441,1609185,-0.5518,1992000,305174,,,TSE
0050 元大台灣50,2024-03-21,37.3659,37.8824,37.3659,37.8103,21131,3315155,2.7415,1968000,309763,,,TSE
0050 元大台灣50,2024-03-22,37.8343,38.0145,37.5941,37.7623,7163,1126524,-0.1271,1932500,303789,,,TSE
0050 元大台灣50,2024-03-25,37.7623,37.9544,37.7022,37.8343,9052,1426632,0.1908,1920000,302400,,,TSE
0050 元大台灣50,2024-03-26,38.0265,38.2427,37.5701,37.8584,7011,1106518,0.0635,1917500,302198,,,TSE
0050 元大台灣50,2024-03-27,37.8103,37.9184,37.6902,37.8704,4644,730810,0.0317,1909500,301033,,,TSE
0050 元大台灣50,2024-03-28,37.7863,37.7863,37.45,37.6902,3438,539015,-0.4757,1901000,298267,,,TSE
0050 元大台灣50,2024-03-29,37.6902,38.0505,37.6902,37.9304,8255,1302182,0.6373,1898000,299694,,,TSE
0050 元大台灣50,2024-04-01,38.0025,38.1346,37.7743,37.8103,5727,904051,-0.3167,1903000,299532,,,TSE
0050 元大台灣50,2024-04-02,38.0625,38.3508,38.0505,38.3508,7924,1261718,1.4295,1905500,304213,,,TSE
0050 元大台灣50,2024-04-03,38.1106,38.1706,37.9064,38.0866,5042,799119,-0.689,1905500,302117,,,TSE
0050 元大台灣50,2024-04-08,38.1106,38.3988,38.0866,38.3028,6124,976164,0.5676,1908000,304231,,,TSE
0050 元大台灣50,2024-04-09,38.4349,39.2396,38.4109,39.2156,9043,1465418,2.3832,1907500,311399,,,TSE
0050 元大台灣50,2024-04-10,39.0955,39.2276,39.0234,39.1555,5731,933773,-0.1531,1907500,310923,,,TSE
0050 元大台灣50,2024-04-11,38.9273,39.0354,38.8312,39.0354,4677,758087,-0.3067,1907500,309969,,,TSE
0050 元大台灣50,2024-04-12,39.0594,39.1075,38.9033,38.9393,6129,994740,-0.2462,1904500,308719,,,TSE
0050 元大台灣50,2024-04-15,38.4949,38.567,38.3388,38.4349,8727,1397288,-1.2955,1904500,304720,,,TSE
0050 元大台灣50,2024-04-16,38.0265,38.0265,37.1737,37.3899,18674,2914071,-2.7188,1904500,296435,,,TSE
0050 元大台灣50,2024-04-17,37.462,37.8824,37.45,37.8103,8077,1267652,1.1243,1904000,299690,,,TSE
0050 元大台灣50,2024-04-18,37.5581,38.1827,37.426,38.1827,6903,1087753,0.9848,1904000,302641,,,TSE
0050 元大台灣50,2024-04-19,37.0176,37.0296,35.9126,36.2489,33785,5120010,-5.0645,1904000,287314,,,TSE
0050 元大台灣50,2024-04-22,36.1288,36.4531,35.9606,36.1408,9992,1505959,-0.2982,1904000,286457,,,TSE
0050 元大台灣50,2024-04-23,36.5492,36.6212,36.345,36.4891,5718,868908,0.9638,1904000,289218,,,TSE
0050 元大台灣50,2024-04-24,36.9936,37.5941,36.9936,37.5581,8082,1258539,2.9296,1904000,297690,,,TSE
0050 元大台灣50,2024-04-25,37.0176,37.1017,36.8134,36.8735,5279,811673,-1.8228,1907000,292725,,,TSE
0050 元大台灣50,2024-04-26,37.474,37.6662,37.3539,37.474,6054,945852,1.6287,1907000,297492,,,TSE
0050 元大台灣50,2024-04-29,37.7863,38.2187,37.7863,38.1466,8135,1289630,1.7949,1907000,302832,,,TSE
0050 元大台灣50,2024-04-30,38.0986,38.2787,38.0145,38.0145,4792,761950,-0.3463,1908000,301941,,,TSE
0050 元大台灣50,2024-05-02,37.7983,37.7983,37.474,37.51,6666,1042279,-1.327,1908000,297934,,,TSE
0050 元大台灣50,2024-05-03,38.0866,38.1106,37.5821,37.7022,5935,936184,0.5123,1908000,299461,,,TSE
0050 元大台灣50,2024-05-06,38.1947,38.4709,38.1947,38.2427,9032,1441651,1.4336,1908000,303754,,,TSE
0050 元大台灣50,2024-05-07,38.4949,38.567,38.3148,38.4589,6699,1072604,0.5653,1907000,305311,,,TSE
0050 元大台灣50,2024-05-08,38.4349,38.6271,38.3508,38.603,6345,1017586,0.3748,1907000,306455,,,TSE
0050 元大台灣50,2024-05-09,38.615,38.7352,38.531,38.555,5285,850455,-0.1245,1907000,306074,,,TSE
0050 元大台灣50,2024-05-10,38.7352,38.9393,38.567,38.8312,10192,1644984,0.7165,1907000,308267,,,TSE
0050 元大台灣50,2024-05-13,39.2396,39.3717,39.1435,39.2276,9642,1576521,1.0207,1907000,311413,,,TSE
0050 元大台灣50,2024-05-14,39.2036,39.5039,39.0835,39.4918,8291,1358012,0.6736,1907000,313511,,,TSE
0050 元大台灣50,2024-05-15,39.7801,40.3206,39.7561,40.0323,15243,2541851,1.3686,1907000,317802,,,TSE
0050 元大台灣50,2024-05-16,40.5848,40.777,40.1404,40.2245,12586,2119619,0.48,1901000,318322,,,TSE
0050 元大台灣50,2024-05-17,40.2485,40.2846,40.0443,40.1765,5039,842406,-0.1194,1901000,317942,,,TSE
0050 元大台灣50,2024-05-20,40.1765,40.2125,39.708,40.1644,7278,1212643,-0.0299,1902000,318014,,,TSE
0050 元大台灣50,2024-05-21,39.9723,40.1524,39.8402,40.1164,4588,764313,-0.1196,1902000,317634,,,TSE
0050 元大台灣50,2024-05-22,40.1644,40.8371,40.1644,40.8371,6928,1171910,1.7964,1908000,324360,,,TSE
0050 元大台灣50,2024-05-23,40.9091,41.1854,40.8371,41.1493,6656,1137393,0.7647,1908000,326840,,,TSE
0050 元大台灣50,2024-05-24,40.6689,41.0292,40.6689,40.9812,3877,660238,-0.4086,1908000,325505,,,TSE
0050 元大台灣50,2024-05-27,41.2574,41.6538,41.2574,41.5457,6149,1062472,1.3775,1908000,329989,,,TSE
0050 元大台灣50,2024-05-28,41.5457,41.6538,41.4376,41.6058,5835,1009317,0.1446,1908000,330466,,,TSE
0050 元大台灣50,2024-05-29,41.4256,41.4376,40.9692,41.0412,7402,1268475,-1.3568,1917500,327605,,,TSE
0050 元大台灣50,2024-05-30,40.3566,40.5968,40.2846,40.3326,10376,1745935,-1.7267,1927000,323543,,,TSE
0050 元大台灣50,2024-05-31,40.4167,40.5728,39.8762,39.8762,9114,1525397,-1.1316,1927000,319882,,,TSE
0050 元大台灣50,2024-06-03,40.5128,40.777,40.1885,40.729,9475,1600550,2.1386,1985000,336557,,,TSE
0050 元大台灣50,2024-06-04,40.5368,40.5368,39.9963,40.0804,8753,1465081,-1.5925,2067000,344879,,,TSE
0050 元大台灣50,2024-06-05,40.2125,40.5488,39.9122,40.4647,4935,827016,0.9589,2206000,371601,,,TSE
0050 元大台灣50,2024-06-06,41.4977,41.9421,41.4736,41.846,18069,3139162,3.4135,2336000,406931,,,TSE
0050 元大台灣50,2024-06-07,41.6298,41.6538,41.4136,41.5217,7113,1229550,-0.775,2366000,408963,,,TSE
0050 元大台灣50,2024-06-11,41.5937,41.858,41.5337,41.6298,11261,1954032,0.2603,2274000,394084,,,TSE
0050 元大台灣50,2024-06-12,41.6298,42.3865,41.6298,42.3745,8173,1431691,1.7888,2198500,387815,,,TSE
0050 元大台灣50,2024-06-13,42.975,43.3593,42.7108,42.987,16739,2995817,1.4456,2199000,393511,,,TSE
0050 元大台灣50,2024-06-14,42.987,43.2392,42.7108,43.2392,6902,1236103,0.5868,2194500,395010,,,TSE
0050 元大台灣50,2024-06-17,43.0471,43.3473,42.951,43.2392,8638,1551547,0.0,2192000,394560,,,TSE
0050 元大台灣50,2024-06-18,43.8398,43.9719,43.7197,43.9599,7029,1284103,1.6667,2192500,401228,,,TSE
0050 元大台灣50,2024-06-19,44.3803,45.3772,44.3803,45.149,26118,4893505,2.7049,2224500,418095,,,TSE
0050 元大台灣50,2024-06-20,45.149,45.5814,45.1129,45.5814,11887,2243620,0.9577,2225000,422194,,,TSE
0050 元大台灣50,2024-06-21,44.9448,45.4492,44.9088,45.3051,10830,2036270,-0.6061,2236000,421710,,,TSE
0050 元大台灣50,2024-06-24,44.8007,44.8007,44.092,44.2001,14671,2705763,-2.439,2229500,410228,,,TSE
0050 元大台灣50,2024-06-25,43.7077,44.1761,43.4314,44.1761,13774,2513790,-0.0543,2224500,409086,,,TSE
0050 元大台灣50,2024-06-26,44.4283,44.7046,44.2602,44.5244,9269,1718526,0.7885,2224500,412311,,,TSE
0050 元大台灣50,2024-06-27,44.104,44.5124,44.056,44.5124,6508,1199247,-0.027,2224500,412200,,,TSE
0050 元大台灣50,2024-06-28,44.5124,45.0169,44.3563,44.7886,4455,830033,0.6206,2224500,414758,,,TSE
0050 元大台灣50,2024-07-01,44.8127,45.173,44.7406,44.8247,7681,1437551,0.0805,2224500,415092,,,TSE
0050 元大台灣50,2024-07-02,44.6685,44.8607,44.3202,44.5244,5882,1090850,-0.6699,2224500,412311,,,TSE
0050 元大台灣50,2024-07-03,45.0649,45.0649,44.7766,45.0649,6787,1270770,1.2139,2224500,417316,,,TSE
0050 元大台灣50,2024-07-04,45.7856,46.278,45.7856,46.242,13513,2592032,2.6119,2224500,428216,,,TSE
0050 元大台灣50,2024-07-05,46.266,46.326,46.0138,46.0738,10250,1969313,-0.3636,2224500,426659,,,TSE
0050 元大台灣50,2024-07-08,46.0978,47.6833,46.0858,47.5271,17999,3538290,3.1543,2206000,436457,,,TSE
0050 元大台灣50,2024-07-09,47.431,48.0556,46.9506,47.4791,16177,3201844,-0.1011,2193500,433545,,,TSE
0050 元大台灣50,2024-07-10,47.3109,47.6593,46.8425,47.6472,7807,1537696,0.3542,2175000,431411,,,TSE
0050 元大台灣50,2024-07-11,48.1997,48.7162,48.0436,48.7042,10435,2105367,2.2183,2175000,440981,,,TSE
0050 元大台灣50,2024-07-12,47.6112,47.6472,47.0827,47.1668,16267,3207781,-3.1566,2165000,425098,,,TSE
0050 元大台灣50,2024-07-15,47.4791,47.5872,47.1067,47.2509,10323,2034933,0.1783,2105500,414152,,,TSE
0050 元大台灣50,2024-07-16,47.4562,48.0478,47.3234,47.5286,13731,2710925,0.5846,2107500,414861,,,TSE
0050 元大台灣50,2024-07-17,47.42,47.4441,46.7439,46.8647,15694,3059326,-1.397,2107500,409066,,,TSE
0050 元大台灣50,2024-07-18,45.5367,46.092,45.4401,46.0196,19796,3754498,-1.8032,2119500,403977,,,TSE
0050 元大台灣50,2024-07-19,45.5729,45.6333,44.9572,44.9693,18436,3456363,-2.2823,2124000,395595,,,TSE
0050 元大台灣50,2024-07-22,44.7641,44.7641,43.4724,43.6293,23474,4268806,-2.9799,2118000,382723,,,TSE
0050 元大台灣50,2024-07-23,44.3536,44.9814,44.3536,44.9814,13180,2437876,3.0991,2119000,394770,,,TSE
0050 元大台灣50,2024-07-26,42.9895,43.3275,42.7601,43.2188,29164,5210021,-3.9184,2119000,379301,,,TSE
0050 元大台灣50,2024-07-29,43.8949,43.9432,43.4482,43.6051,10574,1915739,0.8939,2142000,386845,,,TSE
0050 元大台灣50,2024-07-30,43.2792,43.7742,42.8567,43.6051,14007,2507019,0.0,2141500,386755,,,TSE
0050 元大台灣50,2024-07-31,43.1826,43.7379,43.1223,43.6655,9530,1715165,0.1384,2141500,387290,,,TSE
0050 元大台灣50,2024-08-01,44.6675,44.6917,44.1122,44.4261,14525,2671260,1.7418,2141500,394036,,,TSE
0050 元大台灣50,2024-08-02,43.0136,43.1947,42.1806,42.1806,32816,5798178,-5.0543,2143000,374382,,,TSE
0050 元大台灣50,2024-08-05,40.237,40.237,38.245,38.3296,61002,9893076,-9.1299,2164500,343614,,,TSE
0050 元大台灣50,2024-08-06,40.3939,41.1424,38.8245,40.4422,65342,10883521,5.5118,2172000,363810,,,TSE
0050 元大台灣50,2024-08-07,41.0096,42.1927,40.8044,42.0478,32751,5650132,3.9701,2178000,379299,,,TSE
0050 元大台灣50,2024-08-08,41.2993,41.6253,40.8044,41.1786,26852,4585081,-2.0672,2187500,373078,,,TSE
0050 元大台灣50,2024-08-09,42.2531,42.7118,42.1323,42.4583,24121,4242663,3.1076,2188000,384760,,,TSE
0050 元大台灣50,2024-08-12,42.7963,43.412,42.7963,42.9895,18188,3246767,1.2511,2191000,390108,,,TSE
0050 元大台灣50,2024-08-13,43.2913,43.3396,42.9774,43.0981,11257,2010945,0.2527,2191500,391183,,,TSE
0050 元大台灣50,2024-08-14,43.5448,43.907,43.4482,43.6414,19282,3487274,1.2605,2191500,396114,,,TSE
0050 元大台灣50,2024-08-15,43.6051,43.7017,43.2309,43.3033,12003,2160883,-0.7746,2191500,393046,,,TSE
0050 元大台灣50,2024-08-16,44.1846,44.3416,44.0277,44.2812,13980,2561360,2.2582,2185500,400821,,,TSE
0050 元大台灣50,2024-08-19,44.3053,44.5951,44.2208,44.3416,9763,1795724,0.1363,2180500,400449,,,TSE
0050 元大台灣50,2024-08-20,44.5709,44.7158,44.3536,44.3657,11135,2053096,0.0545,2189000,402229,,,TSE
0050 元大台灣50,2024-08-21,44.1846,44.1967,43.8104,43.8949,12259,2233167,-1.0612,2189000,397960,,,TSE
0050 元大台灣50,2024-08-22,43.9673,44.088,43.5448,43.6655,5716,1035514,-0.5226,2189000,395881,,,TSE
0050 元大台灣50,2024-08-23,43.2188,43.7862,43.1947,43.6897,8316,1497506,0.0553,2193000,396823,,,TSE
0050 元大台灣50,2024-08-26,44.0398,44.2812,43.6534,43.7621,11798,2149783,0.1658,2186500,396303,,,TSE
0050 元大台灣50,2024-08-27,43.5569,43.6776,43.3999,43.5689,5626,1014124,-0.4414,2196000,396268,,,TSE
0050 元大台灣50,2024-08-28,43.581,44.1846,43.4241,44.1846,5848,1061370,1.4131,2177500,398483,,,TSE
0050 元大台灣50,2024-08-29,43.3396,43.7379,43.2551,43.581,11314,2040580,-1.3661,2177500,393039,,,TSE
0050 元大台灣50,2024-08-30,43.6897,43.9552,43.6172,43.7862,8281,1501858,0.4709,2177500,394890,,,TSE
0050 元大台灣50,2024-09-02,43.919,44.0518,43.581,43.6655,8406,1522822,-0.2757,2177500,393801,,,TSE
0050 元大台灣50,2024-09-03,43.7017,43.8224,43.3878,43.4724,9951,1796839,-0.4424,2177500,392059,,,TSE
0050 元大台灣50,2024-09-04,41.2873,41.9633,41.0458,41.3476,34040,5856531,-4.8875,2177500,372897,,,TSE
0050 元大台灣50,2024-09-05,41.7339,42.1685,41.4684,41.6011,9617,1667185,0.6131,2191500,377595,,,TSE
0050 元大台灣50,2024-09-06,41.7702,42.2289,41.4925,42.1927,8941,1556560,1.4219,2191500,382965,,,TSE
0050 元大台灣50,2024-09-09,41.1424,41.5529,41.1183,41.5408,16353,2796547,-1.5451,2198500,378252,,,TSE
0050 元大台灣50,2024-09-10,41.8667,41.8667,41.3235,41.6132,9866,1698214,0.1744,2213000,381411,,,TSE
0050 元大台灣50,2024-09-11,41.6132,41.6494,41.408,41.4925,5427,933696,-0.2901,2216500,380906,,,TSE
0050 元大台灣50,2024-09-12,42.5186,43.1343,42.5186,43.0498,16337,2900529,3.7533,2218000,395469,,,TSE
0050 元大台灣50,2024-09-13,43.2188,43.3033,42.9412,43.074,4775,852453,0.0561,2207000,393729,,,TSE
0050 元大台灣50,2024-09-16,43.1223,43.2671,43.0498,43.1585,6206,1109655,0.1962,2207000,394501,,,TSE
0050 元大台灣50,2024-09-18,43.0981,43.243,42.6273,42.9412,9649,1713884,-0.5035,2207000,392515,,,TSE
0050 元大台灣50,2024-09-19,42.9774,43.5086,42.7359,43.4965,8553,1532937,1.2932,2207000,397591,,,TSE
0050 元大台灣50,2024-09-20,44.2088,44.4502,44.0518,44.0518,14311,2620276,1.2767,2209000,403032,,,TSE
0050 元大台灣50,2024-09-23,44.076,44.3416,44.076,44.245,8294,1519352,0.4385,2207000,404433,,,TSE
0050 元大台灣50,2024-09-24,44.2329,44.6675,43.9673,44.6675,10476,1921213,0.955,2204000,407740,,,TSE
0050 元大台灣50,2024-09-25,45.3194,45.3918,45.2349,45.3315,12464,2339725,1.4865,2196500,412393,,,TSE
0050 元大台灣50,2024-09-26,45.7782,45.8747,45.5729,45.7057,17369,3290621,0.8256,2196500,415797,,,TSE
0050 元大台灣50,2024-09-27,45.923,46.1765,45.5367,45.6091,11999,2280157,-0.2113,2180500,411896,,,TSE
0050 元大台灣50,2024-09-30,45.0418,45.1987,44.414,44.414,14461,2678744,-2.6204,2184500,401839,,,TSE
0050 元大台灣50,2024-10-01,44.4019,44.5709,44.2691,44.3295,9883,1816503,-0.1903,2184500,401074,,,TSE
0050 元大台灣50,2024-10-04,44.4261,44.7399,44.1846,44.3295,9244,1702224,0.0,2184500,401074,,,TSE
0050 元大台灣50,2024-10-07,44.8607,45.4401,44.8607,45.4281,13993,2620896,2.4782,2184500,411014,,,TSE
0050 元大台灣50,2024-10-08,45.1383,45.2349,44.7882,45.2108,9953,1856111,-0.4783,2184500,409048,,,TSE
0050 元大台灣50,2024-10-09,45.6333,45.923,45.6333,45.6333,11860,2249761,0.9346,2189500,413816,,,TSE
0050 元大台灣50,2024-10-11,45.6454,46.5508,45.6454,46.3938,13197,2531453,1.6667,2189500,420712,,,TSE
0050 元大台灣50,2024-10-14,46.3818,46.5749,46.1041,46.4301,10725,2062002,0.0781,2189500,421041,,,TSE
0050 元大台灣50,2024-10-15,46.5991,47.4683,46.5991,47.42,15738,3078566,2.1321,2189500,430018,,,TSE
0050 元大台灣50,2024-10-16,46.4663,47.1544,46.2731,46.5991,18604,3594464,-1.7312,2192000,423056,,,TSE
0050 元大台灣50,2024-10-17,46.8405,46.8647,46.3335,46.6715,9936,1916758,0.1554,2197000,424680,,,TSE
0050 元大台灣50,2024-10-18,48.1202,48.3375,47.6252,47.8305,33596,6693832,2.4832,2197000,435226,,,TSE
0050 元大台灣50,2024-10-21,48.0598,48.2771,47.8063,47.8184,13716,2730957,-0.0252,2194000,434522,,,TSE
0050 元大台灣50,2024-10-22,47.6132,47.6373,47.1665,47.6373,8995,1768962,-0.3787,2165500,427253,,,TSE
0050 元大台灣50,2024-10-23,47.4924,47.5407,47.2389,47.3234,10050,1970225,-0.6589,2141500,419734,,,TSE
0050 元大台灣50,2024-10-24,47.3234,47.4924,46.9612,47.0337,8642,1691119,-0.6122,2136000,416093,,,TSE
0050 元大台灣50,2024-10-25,47.082,47.4562,47.082,47.42,12961,2539355,0.8214,2135000,419314,,,TSE
0050 元大台灣50,2024-10-28,47.7822,47.8425,47.0699,47.3355,11929,2342986,-0.1782,2122000,416018,,,TSE
0050 元大台灣50,2024-10-29,46.6594,46.6594,45.923,46.2369,26008,4977323,-2.3208,2116500,405310,,,TSE
0050 元大台灣50,2024-10-30,46.587,46.8526,46.2369,46.3093,14531,2800185,0.1567,2116500,405945,,,TSE
0050 元大台灣50,2024-11-01,44.9452,46.0075,44.8969,45.9955,21072,3965634,-0.6778,2121500,404146,,,TSE
0050 元大台灣50,2024-11-04,46.1283,46.6474,46.0679,46.587,7681,1474449,1.2861,2126500,410308,,,TSE
0050 元大台灣50,2024-11-05,46.249,47.0095,46.2128,46.756,10565,2040466,0.3628,2127500,411990,,,TSE
0050 元大台灣50,2024-11-06,46.8526,47.8184,46.7198,47.1303,17354,3397786,0.8004,2127500,415288,,,TSE
0050 元大台灣50,2024-11-07,47.0578,47.8184,46.9612,47.6735,13976,2750927,1.1527,2127500,420075,,,TSE
0050 元大台灣50,2024-11-08,48.1443,48.2892,47.9753,48.0478,13571,2705315,0.785,2132500,424368,,,TSE
0050 元大台灣50,2024-11-11,48.0115,48.0719,47.5166,48.0719,12949,2560817,0.0503,2132500,424581,,,TSE
0050 元大台灣50,2024-11-12,47.1303,47.2872,46.8405,46.8405,28057,5468639,-2.5615,2145500,416227,,,TSE
0050 元大台灣50,2024-11-13,46.8043,46.8405,46.4784,46.5387,9953,1922523,-0.6443,2156500,415665,,,TSE
0050 元大台灣50,2024-11-14,46.4301,46.4784,45.8989,46.1162,13318,2545708,-0.9079,2166500,413802,,,TSE
0050 元大台灣50,2024-11-15,46.3697,46.5629,46.08,46.4421,7809,1498319,0.7068,2166500,416726,,,TSE
0050 元大台灣50,2024-11-18,46.2248,46.2852,45.7782,45.7902,14637,2782796,-1.4037,2171500,411825,,,TSE
0050 元大台灣50,2024-11-19,46.0438,46.587,45.923,46.418,7932,1521783,1.3709,2176000,418336,,,TSE
0050 元大台灣50,2024-11-20,46.5508,46.6836,46.0558,46.2248,12509,2397920,-0.4161,2181000,417552,,,TSE
0050 元大台灣50,2024-11-21,45.8747,45.911,45.5367,45.7178,17071,3229874,-1.0969,2181000,412972,,,TSE
0050 元大台灣50,2024-11-22,46.1403,46.6474,46.1403,46.6112,8291,1596363,1.9541,2196500,424034,,,TSE
0050 元大台灣50,2024-11-25,47.0095,47.0216,46.418,46.4421,8215,1589824,-0.3626,2196500,422497,,,TSE
0050 元大台灣50,2024-11-26,45.8989,45.9472,45.585,45.8385,12427,2355927,-1.2997,2196000,416911,,,TSE
0050 元大台灣50,2024-11-27,45.6695,45.7419,45.1504,45.1745,15890,2989774,-1.4485,2195000,410685,,,TSE
0050 元大台灣50,2024-11-28,45.1504,45.1745,44.7762,45.1021,14338,2672826,-0.1603,2204500,411801,,,TSE
0050 元大台灣50,2024-11-29,44.6554,45.3918,44.5468,45.2108,8696,1622080,0.2409,2209500,413729,,,TSE
0050 元大台灣50,2024-12-02,45.5126,46.2852,45.5126,46.2852,11039,2105997,2.3765,2213000,424232,,,TSE
0050 元大台灣50,2024-12-03,46.913,47.0458,46.7802,46.913,10613,2062838,1.3563,2218000,430957,,,TSE
0050 元大台灣50,2024-12-04,47.0095,47.1906,46.8526,47.1906,6981,1360361,0.5919,2218000,433508,,,TSE
0050 元大台灣50,2024-12-05,47.2631,47.4683,47.2389,47.4441,8091,1588234,0.5372,2217000,435641,,,TSE
0050 元大台灣50,2024-12-06,47.4441,47.4924,47.082,47.2631,7203,1411191,-0.3817,2217000,433978,,,TSE
0050 元大台灣50,2024-12-09,47.3596,47.3838,47.251,47.3234,4897,959977,0.1277,2217000,434532,,,TSE
0050 元大台灣50,2024-12-10,47.2631,47.4321,46.9733,46.9854,4950,966839,-0.7143,2217000,431428,,,TSE
0050 元大台灣50,2024-12-11,46.5991,46.9009,46.5025,46.5749,7388,1427429,-0.8736,2217000,427659,,,TSE
0050 元大台灣50,2024-12-12,47.0578,47.2631,46.9492,47.1182,5328,1039959,1.1664,2217000,432648,,,TSE
0050 元大台灣50,2024-12-13,46.9975,47.2268,46.8647,47.1544,4804,936677,0.0769,2217000,432980,,,TSE
0050 元大台灣50,2024-12-16,47.5649,47.7218,47.2631,47.3476,7781,1531123,0.4096,2217000,434754,,,TSE
0050 元大台灣50,2024-12-17,47.589,47.8184,47.5045,47.589,9712,1918075,0.5099,2217000,436971,,,TSE
0050 元大台灣50,2024-12-18,47.5166,47.7701,47.2268,47.589,6885,1354882,0.0,2216500,436872,,,TSE
0050 元大台灣50,2024-12-19,46.925,47.0337,46.7319,46.9371,14093,2737184,-1.3699,2223500,432248,,,TSE
0050 元大台灣50,2024-12-20,46.7802,46.7802,46.3576,46.5025,12318,2374265,-0.9259,2223000,428150,,,TSE
0050 元大台灣50,2024-12-23,47.0095,47.6373,46.9612,47.6252,11989,2355441,2.4143,2228000,439473,,,TSE
0050 元大台灣50,2024-12-24,47.927,48.0719,47.6856,47.758,8651,1714309,0.2788,2227500,440600,,,TSE
0050 元大台灣50,2024-12-25,47.927,47.927,47.6735,47.9029,6345,1256839,0.3033,2223500,441142,,,TSE
0050 元大台灣50,2024-12-26,47.9029,47.927,47.8063,47.8667,5000,991798,-0.0756,2219500,440016,,,TSE
0050 元大台灣50,2024-12-27,47.7097,48.0598,47.6373,48.0236,7419,1473166,0.3279,2216500,440862,,,TSE
0050 元大台灣50,2024-12-30,47.8425,47.9632,47.7218,47.758,8999,1783577,-0.553,2218500,438819,,,TSE
0050 元大台灣50,2024-12-31,47.4924,47.5407,47.2268,47.2631,8290,1625749,-1.0364,2223000,435152,,,TSE
0050 元大台灣50,2025-01-02,47.2389,47.2389,46.6594,46.8526,14166,2749829,-0.8685,2223000,431373,,,TSE
0050 元大台灣50,2025-01-03,47.3234,47.5528,47.1303,47.3234,7453,1461802,1.0049,2219000,434924,,,TSE
0050 元大台灣50,2025-01-06,47.9632,48.8445,47.9512,48.8083,26355,5292043,3.1378,2219500,448672,,,TSE
0050 元大台灣50,2025-01-07,49.4844,49.7379,49.3153,49.3516,16788,3443887,1.113,2219500,453666,,,TSE
0050 元大台灣50,2025-01-08,48.929,49.098,48.5427,48.6152,12435,2513950,-1.4922,2211500,445286,,,TSE
0050 元大台灣50,2025-01-09,48.3375,48.5669,48.0478,48.0598,9097,1819154,-1.1423,2216500,441194,,,TSE
0050 元大台灣50,2025-01-10,48.0478,48.1805,47.8063,48.0478,9049,1797943,-0.0251,2216500,441084,,,TSE
0050 元大台灣50,2025-01-13,48.0478,48.0478,46.8647,46.9371,23384,4565969,-2.3116,2222000,431957,,,TSE
0050 元大台灣50,2025-01-14,47.0095,47.2993,46.8526,47.2268,11499,2243491,0.6173,2222500,434721,,,TSE
0050 元大台灣50,2025-01-15,47.3234,47.3234,46.7802,46.8647,18681,3630590,-0.7669,2223500,431581,,,TSE
0050 元大台灣50,2025-01-16,47.7822,48.1685,47.6614,47.8184,16107,3194706,2.035,2231500,441949,,,TSE
0050 元大台灣50,2025-01-17,48.2223,48.3079,47.5858,48.0509,15650,3065950,0.4797,2233000,438338,,,TSE
0050 元大台灣50,2025-01-20,48.259,48.6261,48.259,48.5405,7861,1558092,1.0188,2240500,444291,,,TSE
0050 元大台灣50,2025-01-21,48.2957,48.7608,48.1488,48.6384,11024,2185037,0.2017,2241000,445287,,,TSE
0050 元大台灣50,2025-01-22,49.03,49.3727,49.03,49.2748,13730,2759777,1.3085,2233000,449503,,,TSE
0050 元大台灣50,2025-02-03,47.0718,47.2431,46.6679,47.1697,64929,12468670,-4.2722,2290500,441379,,,TSE
0050 元大台灣50,2025-02-04,47.4022,47.6225,47.2554,47.4512,20895,4052034,0.5968,2307500,447309,,,TSE
0050 元大台灣50,2025-02-05,47.9163,48.4181,47.9163,48.1733,16043,3163809,1.5218,2309500,454510,,,TSE
0050 元大台灣50,2025-02-06,48.467,48.5649,48.2467,48.3814,11822,2338213,0.4319,2314000,457362,,,TSE
0050 元大台灣50,2025-02-07,48.3814,48.6139,48.2467,48.6017,6126,1212818,0.4554,2314500,459544,,,TSE
0050 元大台灣50,2025-02-10,48.516,48.516,48.0019,48.0509,18366,3613707,-1.1332,2315000,454435,,,TSE
0050 元大台灣50,2025-02-11,48.3446,48.5894,48.2223,48.3446,5419,1071645,0.6113,2332000,460570,,,TSE
0050 元大台灣50,2025-02-12,48.467,48.6261,48.2223,48.2712,7415,1466223,-0.1519,2332000,459870,,,TSE
0050 元大台灣50,2025-02-13,48.2957,48.3202,47.8673,48.0631,15306,3006548,-0.431,2339000,459263,,,TSE
0050 元大台灣50,2025-02-14,47.7694,47.7694,47.3655,47.4879,26452,5136323,-1.1968,2339000,453766,,,TSE
0050 元大台灣50,2025-02-17,47.6715,48.21,47.6715,48.21,12309,2415311,1.5206,2340000,460863,,,TSE
0050 元大台灣50,2025-02-18,48.4426,48.4426,48.1243,48.3814,8791,1734030,0.3554,2346000,463687,,,TSE
0050 元大台灣50,2025-02-19,48.3814,48.4426,48.2223,48.2957,12820,2531376,-0.1771,2346000,462866,,,TSE
0050 元大台灣50,2025-02-20,48.21,48.21,47.7572,48.1121,15504,3036131,-0.3801,2370000,465824,,,TSE
0050 元大台灣50,2025-02-21,48.0999,48.4548,47.953,48.4548,9097,1795160,0.7123,2370000,469142,,,TSE
0050 元大台灣50,2025-02-24,48.0142,48.0754,47.8551,48.0264,14227,2788014,-0.8841,2387500,468428,,,TSE
0050 元大台灣50,2025-02-25,47.4879,47.5001,47.1452,47.4022,31389,6070255,-1.2997,2406000,465922,,,TSE
0050 元大台灣50,2025-02-26,47.2186,47.6593,46.9739,47.6593,19951,3853695,0.5422,2407500,468740,,,TSE
0050 元大台灣50,2025-02-27,47.7204,47.7204,47.084,47.1207,22169,4279513,-1.1299,2433000,468353,,,TSE
0050 元大台灣50,2025-03-03,46.215,46.264,45.7255,46.0314,65048,12215218,-2.3117,2472500,464954,,,TSE
0050 元大台灣50,2025-03-04,45.2849,45.8356,45.1992,45.7255,33496,6232920,-0.6647,2509500,468775,,,TSE
0050 元大台灣50,2025-03-05,46.0192,46.3864,46.0192,46.3252,14197,2682191,1.3116,2525000,477856,,,TSE
0050 元大台灣50,2025-03-06,46.3497,46.3497,45.8601,46.0437,16564,3116364,-0.6077,2544500,478620,,,TSE
0050 元大台灣50,2025-03-07,45.7255,45.7744,45.4807,45.6153,20206,3764109,-0.9304,2548000,474820,,,TSE
0050 元大台灣50,2025-03-10,45.6153,45.6153,45.1257,45.3461,22718,4206999,-0.5903,2570500,476185,,,TSE
0050 元大台灣50,2025-03-11,44.2445,44.575,43.8406,44.5505,39156,7080180,-1.7544,2589500,471289,,,TSE
0050 元大台灣50,2025-03-12,44.575,45.138,44.4526,44.7463,14291,2614844,0.4396,2616000,478205,,,TSE
0050 元大台灣50,2025-03-13,45.3338,45.4929,44.318,44.3302,15273,2792686,-0.93,2621500,474754,,,TSE
0050 元大台灣50,2025-03-14,44.3302,44.3424,43.9508,44.1833,14434,2605408,-0.3313,2644000,477242,,,TSE
0050 元大台灣50,2025-03-17,44.6851,44.9177,44.4526,44.5627,12068,2202388,0.8587,2676000,487166,,,TSE
0050 元大台灣50,2025-03-18,44.8198,45.0034,44.6362,44.7463,8548,1563309,0.412,2677000,489356,,,TSE
0050 元大台灣50,2025-03-19,44.6974,44.7096,44.0854,44.1956,13887,2515675,-1.2309,2680500,483964,,,TSE
0050 元大台灣50,2025-03-20,44.6607,45.1502,44.6607,45.1502,8174,1499883,2.1601,2686500,495525,,,TSE
0050 元大台灣50,2025-03-21,45.0401,45.0401,44.6729,44.783,8012,1467436,-0.8132,2682500,490763,,,TSE
0050 元大台灣50,2025-03-24,45.138,45.138,44.6239,44.7341,7931,1452153,-0.1093,2684000,490501,,,TSE
0050 元大台灣50,2025-03-25,45.1992,45.4072,45.0401,45.1992,8367,1544811,1.0397,2696500,497909,,,TSE
0050 元大台灣50,2025-03-26,45.3338,45.3828,45.0034,45.1625,7266,1339869,-0.0812,2699000,497966,,,TSE
0050 元大台灣50,2025-03-27,44.4281,44.4526,44.1711,44.3057,20131,3638675,-1.897,2698500,488429,,,TSE
0050 元大台灣50,2025-03-28,43.8529,43.8896,43.5714,43.8651,23684,4228868,-0.9945,2703500,484467,,,TSE
0050 元大台灣50,2025-03-31,42.4943,42.6534,42.1516,42.2863,43779,7579944,-3.5993,2707500,467721,,,TSE
0050 元大台灣50,2025-04-01,42.4943,43.2164,42.4943,43.1552,13028,2284423,2.055,2736500,482445,,,TSE
0050 元大台灣50,2025-04-02,43.2899,43.4123,43.0818,43.0818,11506,2032740,-0.1702,2751000,484176,,,TSE
0050 元大台灣50,2025-04-07,38.7736,38.7736,38.7736,38.7736,29578,4685331,-10.0,2771000,438926,,,TSE
0050 元大台灣50,2025-04-08,37.0112,38.5411,36.8521,37.513,88850,13617537,-3.2513,2822500,432548,,,TSE
0050 元大台灣50,2025-04-09,37.3294,37.7333,35.4935,35.7873,83829,12545864,-4.6003,2860000,418132,,,TSE
0050 元大台灣50,2025-04-10,39.3611,39.3611,39.3611,39.3611,6081,977956,9.9863,2899500,466240,,,TSE
0050 元大台灣50,2025-04-11,38.4921,40.279,38.027,40.279,51081,8202752,2.3321,2876500,473328,,,TSE
0050 元大台灣50,2025-04-14,41.2459,41.2949,40.022,40.071,47341,7858911,-0.5166,2890000,473093,,,TSE
0050 元大台灣50,2025-04-15,40.1567,40.5116,39.9731,40.4749,19827,3265491,1.0079,2903500,480094,,,TSE
0050 元大台灣50,2025-04-16,40.0955,40.0955,39.508,39.7405,27131,4408343,-1.8143,2912000,472763,,,TSE
0050 元大台灣50,2025-04-17,39.4835,39.4835,39.0306,39.2999,20055,3217845,-1.1087,2921000,468967,,,TSE
0050 元大台灣50,2025-04-18,39.508,39.6059,39.3121,39.3856,11985,1932161,0.218,2924000,470472,,,TSE
0050 元大台灣50,2025-04-21,39.3489,39.3489,38.7981,38.8226,17835,2837544,-1.4295,2928000,464381,,,TSE
0050 元大台灣50,2025-04-22,38.5656,38.6512,38.1739,38.1739,21039,3298295,-1.6709,2930500,457011,,,TSE
0050 元大台灣50,2025-04-23,39.2387,39.9241,39.2387,39.8629,16545,2677643,4.4245,2953500,480977,,,TSE
0050 元大台灣50,2025-04-24,40.1199,40.1567,39.4835,39.6304,14351,2335488,-0.5834,2953500,478172,,,TSE
0050 元大台灣50,2025-04-25,40.6829,40.8665,40.5116,40.5728,18651,3100147,2.378,2932000,485979,,,TSE
0050 元大台灣50,2025-04-28,40.8298,41.0012,40.8298,40.9155,12807,2140130,0.8446,2950500,493176,,,TSE
0050 元大台灣50,2025-04-29,40.9155,41.1235,40.7564,41.0746,11555,1934243,0.3889,2984000,500715,,,TSE
0050 元大台灣50,2025-04-30,41.0868,41.3683,41.0012,41.2704,10178,1712143,0.4768,2984000,503102,,,TSE
0050 元大台灣50,2025-05-02,42.1027,42.4699,41.9803,42.4699,15243,2627600,2.9063,2984000,517724,,,TSE
0050 元大台灣50,2025-05-05,42.7391,42.7391,41.5886,42.0904,33624,5771537,-0.8934,2966000,510004,,,TSE
0050 元大台灣50,2025-05-06,41.6009,42.1272,41.454,41.8579,29982,5126154,-0.5525,2962500,506588,,,TSE
0050 元大台灣50,2025-05-07,42.0537,42.2251,41.6009,41.6988,13869,2371470,-0.3801,2976500,507047,,,TSE
0050 元大台灣50,2025-05-08,42.1149,42.3964,42.0048,42.2495,10291,1774490,1.3208,2938000,507099,,,TSE
0050 元大台灣50,2025-05-09,42.274,42.8248,42.1884,42.7758,13675,2376716,1.2457,2938000,513416,,,TSE
0050 元大台灣50,2025-05-12,42.9594,43.3266,42.9594,43.2532,14200,2507567,1.1159,2938000,519145,,,TSE
0050 元大台灣50,2025-05-13,44.269,44.3302,43.7794,43.7794,21040,3783370,1.2168,2938000,525461,,,TSE
0050 元大台灣50,2025-05-14,44.5138,44.7708,44.3914,44.7708,23824,4337610,2.2645,2940000,537726,,,TSE
0050 元大台灣50,2025-05-15,44.7708,44.7708,44.5505,44.6729,12236,2235290,-0.2187,2940000,536550,,,TSE
0050 元大台灣50,2025-05-16,44.6117,44.8442,44.4771,44.7953,10104,1846369,0.274,2940000,538020,,,TSE
0050 元大台灣50,2025-05-19,44.7096,44.7096,44.1466,44.1711,10637,1929029,-1.3934,2940000,530523,,,TSE
0050 元大台灣50,2025-05-20,44.5138,44.6484,44.1833,44.2568,5829,1057784,0.194,2940000,531552,,,TSE
0050 元大台灣50,2025-05-21,44.2812,45.0034,44.2812,44.9422,14373,2627429,1.5487,2940500,539876,,,TSE
0050 元大台灣50,2025-05-22,44.5627,44.5627,44.2078,44.4526,9075,1644871,-1.0893,2936000,533178,,,TSE
0050 元大台灣50,2025-05-23,44.7341,44.7463,44.1099,44.269,7223,1307753,-0.413,2936000,530976,,,TSE
0050 元大台灣50,2025-05-26,44.22,44.4281,44.1344,44.22,14332,2592059,-0.1106,2941000,531292,,,TSE
0050 元大台灣50,2025-05-27,44.22,44.22,43.5714,43.8284,13688,2448437,-0.8857,2941000,526586,,,TSE
0050 元大台灣50,2025-05-28,44.2812,44.3914,43.6448,43.9018,8703,1562194,0.1676,3015000,540740,,,TSE
0050 元大台灣50,2025-05-29,44.4281,44.4771,43.8896,43.9997,9749,1754874,0.223,3023000,543384,,,TSE
0050 元大台灣50,2025-06-02,43.5714,43.5836,42.8982,43.0573,21228,3738759,-2.1419,3058000,537902,,,TSE
0050 元大台灣50,2025-06-03,43.449,43.7672,43.3266,43.3633,7697,1367269,0.7106,3183000,563868,,,TSE
0050 元大台灣50,2025-06-04,43.8896,44.3792,43.8529,44.3792,12228,2210092,2.3426,3267000,592307,,,TSE
0050 元大台灣50,2025-06-05,44.5505,44.7096,44.4281,44.4648,10845,1974428,0.1931,3373500,612796,,,TSE
0050 元大台灣50,2025-06-06,44.526,44.6484,44.4281,44.5383,8750,1590916,0.1652,3403500,619267,,,TSE
0050 元大台灣50,2025-06-09,44.8932,45.0523,44.8075,44.9666,14115,2592771,0.9618,3463500,636245,,,TSE
0050 元大台灣50,2025-06-10,45.2604,46.2395,45.2604,46.1783,31483,5908431,2.6946,3487500,657917,,,TSE
0050 元大台灣50,2025-06-11,46.1783,46.1783,46.1783,46.1783,0,0,0.0,3487500,657917,,,TSE
0050 元大台灣50,2025-06-12,46.1783,46.1783,46.1783,46.1783,0,0,0.0,3487500,657917,,,TSE
0050 元大台灣50,2025-06-13,46.1783,46.1783,46.1783,46.1783,0,0,0.0,3487500,657917,,,TSE
0050 元大台灣50,2025-06-16,46.1783,46.1783,46.1783,46.1783,0,0,0.0,3487500,657917,,,TSE
0050 元大台灣50,2025-06-17,46.1783,46.1783,46.1783,46.1783,0,0,0.0,3487500,657917,,,TSE
0050 元大台灣50,2025-06-18,46.5111,46.7266,46.1586,46.5797,252639,12002805,0.864,13455000,640054,,,TSE
0050 元大台灣50,2025-06-19,46.5111,46.5601,46.0411,46.1195,173652,8194338,-0.988,13125500,618211,,,TSE
0050 元大台灣50,2025-06-20,46.1195,46.1782,45.718,46.0509,84926,3983083,-0.1486,13301500,625570,,,TSE
0050 元大台灣50,2025-06-23,45.5711,45.6886,45.3165,45.669,107319,4985373,-0.8293,13305500,620569,,,TSE
0050 元大台灣50,2025-06-24,46.3153,46.5014,46.3153,46.5014,56021,2656903,1.8225,13321500,632638,,,TSE
0050 元大台灣50,2025-06-25,46.9028,47.177,46.893,47.177,79951,3838838,1.4529,13195000,635735,,,TSE
0050 元大台灣50,2025-06-26,47.2945,47.4414,47.1672,47.2357,79097,3821783,0.1245,13185000,636044,,,TSE
0050 元大台灣50,2025-06-27,47.3141,47.363,47.0007,47.2847,95810,4616631,0.1036,13334500,643923,,,TSE
0050 元大台灣50,2025-06-30,47.363,47.412,47.2357,47.3532,60476,2923441,0.145,13334000,644832,,,TSE
0050 元大台灣50,2025-07-01,47.3728,48.1268,47.3728,47.6274,77081,3767256,0.579,13335000,648614,,,TSE
0050 元大台灣50,2025-07-02,47.5589,47.7351,47.3728,47.6372,76741,3729185,0.0206,13340000,648991,,,TSE
0050 元大台灣50,2025-07-03,48.3226,48.5674,48.2345,48.2933,62689,3093443,1.3772,13341000,657978,,,TSE
0050 元大台灣50,2025-07-04,48.3716,48.4597,47.8135,47.8428,77050,3779678,-0.9327,13191000,644512,,,TSE
0050 元大台灣50,2025-07-07,47.8037,47.8037,47.4316,47.5589,82143,3989308,-0.5935,13190000,640638,,,TSE
0050 元大台灣50,2025-07-08,47.4414,47.5001,47.2064,47.3434,52542,2541114,-0.453,13250000,640638,,,TSE
0050 元大台灣50,2025-07-09,47.3434,47.9701,47.2651,47.833,39626,1929534,1.0341,13251000,647311,,,TSE
0050 元大台灣50,2025-07-10,47.9799,48.4401,47.9701,48.3814,54779,2699439,1.1464,13251000,654732,,,TSE
0050 元大台灣50,2025-07-11,48.3324,48.5968,48.2541,48.587,46214,2288749,0.425,13251000,657515,,,TSE
0050 元大台灣50,2025-07-14,48.5576,48.5576,48.1855,48.303,65170,3216296,-0.5844,13251000,653672,,,TSE
0050 元大台灣50,2025-07-15,48.3226,49.057,48.303,48.9591,69996,3487327,1.3582,13233500,661675,,,TSE
0050 元大台灣50,2025-07-16,49.106,49.6445,49.106,49.3508,92296,4662017,0.8,13235000,667044,,,TSE
0050 元大台灣50,2025-07-17,49.5466,49.7424,49.2529,49.6445,89861,4541576,0.5952,13234500,670989,,,TSE
0050 元大台灣50,2025-07-18,50.33,50.5258,50.232,50.3789,107920,5549464,1.4793,12996000,668644,,,TSE
0050 元大台灣50,2025-07-21,50.3888,50.3888,50.0437,50.1916,78953,4016645,-0.3693,12998500,661624,,,TSE
0050 元大台灣50,2025-07-22,50.1916,50.586,49.7478,49.8464,92162,4682585,-0.6876,12996000,656948,,,TSE
0050 元大台灣50,2025-07-23,49.8957,50.1423,49.8464,49.9944,65118,3301594,0.2967,13034000,660824,,,TSE
0050 元大台灣50,2025-07-24,50.2902,50.3888,50.093,50.2902,80703,4113939,0.5917,13034000,664734,,,TSE
0050 元大台灣50,2025-07-25,50.2902,50.3888,50.093,50.1916,40414,2058578,-0.1961,13033000,663380,,,TSE
0050 元大台灣50,2025-07-28,50.4874,50.6846,50.1916,50.3395,53609,2737539,0.2947,13033000,665335,,,TSE
0050 元大台灣50,2025-07-29,50.3395,50.3395,49.5506,49.7478,107016,5401314,-1.1753,13004500,656077,,,TSE
0050 元大台灣50,2025-07-30,50.093,50.3888,49.9451,50.2902,84052,4280957,1.0902,13009500,663485,,,TSE
0050 元大台灣50,2025-07-31,50.3888,50.8818,50.3888,50.8325,83010,4262147,1.0784,12994500,669866,,,TSE
0050 元大台灣50,2025-08-01,50.093,50.4874,49.9451,50.3888,103281,5266354,-0.8729,12994500,664019,,,TSE
0050 元大台灣50,2025-08-04,49.9451,50.093,49.6985,50.093,88936,4503157,-0.5871,12999500,660375,,,TSE
0050 元大台灣50,2025-08-05,50.5367,50.7339,50.3395,50.7339,48253,2474210,1.2795,13019500,669853,,,TSE
0050 元大台灣50,2025-08-06,50.3888,50.3888,50.1423,50.2902,51398,2620193,-0.8746,13019500,663995,,,TSE
0050 元大台灣50,2025-08-07,50.9311,51.8679,50.9311,51.72,127953,6696844,2.8431,13019500,682873,,,TSE
0050 元大台灣50,2025-08-08,51.8186,51.8679,51.5721,51.72,61743,3237110,0.0,12979500,680775,,,TSE
0050 元大台灣50,2025-08-11,51.6214,52.361,51.3256,52.1144,74255,3905732,0.7626,12947000,684249,,,TSE
0050 元大台灣50,2025-08-12,52.1144,52.2623,51.8186,52.1637,60122,3172099,0.0946,12946000,684843,,,TSE
0050 元大台灣50,2025-08-13,52.4103,52.6568,52.213,52.6075,78177,4158180,0.8507,12946000,690669,,,TSE
0050 元大台灣50,2025-08-14,52.4596,52.5582,52.213,52.4103,59818,3176226,-0.3749,12946000,688080,,,TSE
0050 元大台灣50,2025-08-15,52.4103,52.5582,52.0651,52.4103,55175,2926754,0.0,12946000,688080,,,TSE
0050 元大台灣50,2025-08-18,52.213,52.6075,52.0651,52.5582,48004,2551608,0.2822,12946000,690022,,,TSE
0050 元大台灣50,2025-08-19,52.5582,52.5582,52.3117,52.4596,31232,1661670,-0.1876,12946000,688727,,,TSE
0050 元大台灣50,2025-08-20,51.8186,51.8679,50.7832,50.9804,241376,12542811,-2.8195,12960000,670032,,,TSE
0050 元大台灣50,2025-08-21,51.0297,51.3749,51.0297,51.2763,76525,3972622,0.5803,13072500,679770,,,TSE
0050 元大台灣50,2025-08-22,51.3256,51.3749,50.9311,51.0297,47853,2477655,-0.4808,13074500,676605,,,TSE
0050 元大台灣50,2025-08-25,51.72,52.213,51.6214,51.9665,64451,3394192,1.8357,12885500,679066,,,TSE
0050 元大台灣50,2025-08-26,51.8186,52.1144,51.5721,52.0158,42402,2228387,0.0949,12836500,677125,,,TSE
0050 元大台灣50,2025-08-27,52.2623,52.4103,52.1637,52.2623,91463,4849859,0.4739,12833500,680176,,,TSE
0050 元大台灣50,2025-08-28,52.0651,52.1637,51.7693,51.7693,61856,3260077,-0.9434,12704500,666986,,,TSE
0050 元大台灣50,2025-08-29,52.0651,52.213,51.7693,51.7693,37614,1979279,0.0,12639500,663574,,,TSE
0050 元大台灣50,2025-09-01,51.4242,51.72,51.0297,51.2763,82748,4299875,-0.9524,12609500,655694,,,TSE
0050 元大台灣50,2025-09-02,51.5721,51.7693,51.227,51.2763,34866,1819209,0.0,12610500,655746,,,TSE
0050 元大台灣50,2025-09-03,51.1777,51.4735,51.0297,51.227,41247,2144431,-0.0962,12615500,655375,,,TSE
0050 元大台灣50,2025-09-04,51.8186,51.9665,51.5228,51.5721,38611,2027526,0.6737,12616500,659843,,,TSE
0050 元大台灣50,2025-09-05,51.9665,52.1637,51.9172,52.1144,38976,2057938,1.0516,12606500,666254,,,TSE
0050 元大台灣50,2025-09-08,52.6568,52.8047,52.5089,52.6075,61781,3297972,0.9461,12606500,672557,,,TSE
0050 元大台灣50,2025-09-09,52.8047,53.1991,52.7554,53.1498,57948,3114990,1.0309,12605000,679410,,,TSE
0050 元大台灣50,2025-09-10,53.6429,54.2345,53.6429,54.1852,75585,4140354,1.9481,12792000,702920,,,TSE
0050 元大台灣50,2025-09-11,54.7769,55.122,54.481,54.6782,87937,4892216,0.9099,12869000,713586,,,TSE
0050 元大台灣50,2025-09-12,54.9741,55.2206,54.9248,55.2206,59101,3303299,0.9919,12868000,720608,,,TSE
0050 元大台灣50,2025-09-15,55.2206,55.2699,55.0234,55.2206,56031,3133893,0.0,12867000,720552,,,TSE
0050 元大台灣50,2025-09-16,55.3685,56.0588,55.3685,55.9602,65388,3705092,1.3393,12867000,730202,,,TSE
0050 元大台灣50,2025-09-17,55.8122,55.8122,55.4671,55.5657,70590,3980499,-0.7048,12869500,725196,,,TSE
0050 元大台灣50,2025-09-18,55.7136,56.1574,55.4671,56.1574,45899,2597748,1.0648,12661500,721072,,,TSE
0050 元大台灣50,2025-09-19,56.2067,56.3053,55.8122,56.2067,74098,4216285,0.0878,12661500,721706,,,TSE
0050 元大台灣50,2025-09-22,56.2067,56.6011,55.9602,56.6011,59170,3377484,0.7018,12674500,727516,,,TSE
0050 元大台灣50,2025-09-23,57.0448,57.7844,57.0448,57.6365,92241,5370469,1.8293,12682000,741263,,,TSE
0050 元大台灣50,2025-09-24,57.883,58.1295,57.2914,57.5872,95128,5555757,-0.0855,12589500,735227,,,TSE
0050 元大台灣50,2025-09-25,57.5379,57.5872,57.1928,57.39,59962,3488154,-0.3425,12627000,734891,,,TSE
0050 元大台灣50,2025-09-26,57.0941,57.0941,56.0588,56.4532,170962,9763617,-1.6323,12653500,724413,,,TSE
0050 元大台灣50,2025-09-30,56.749,57.0941,56.749,56.9955,64586,3728927,0.9607,12691000,733540,,,TSE
0050 元大台灣50,2025-10-01,57.0941,57.9323,57.0941,57.2914,77291,4503366,0.519,12732500,739758,,,TSE
0050 元大台灣50,2025-10-02,58.1788,58.4254,58.0309,58.3761,73803,4361065,1.8933,12735000,753912,,,TSE
0050 元大台灣50,2025-10-03,58.3761,59.2635,58.2281,59.2142,76083,4545707,1.4358,12739000,764977,,,TSE
0050 元大台灣50,2025-10-07,60.151,60.8413,60.0524,60.8413,138001,8474594,2.7477,12753500,786891,,,TSE
0050 元大台灣50,2025-10-08,60.151,60.2989,59.7566,60.2989,119706,7282646,-0.8914,12828500,784463,,,TSE
0050 元大台灣50,2025-10-09,60.9892,61.0878,60.644,60.7427,76478,4720554,0.7359,12861000,792238,,,TSE
0050 元大台灣50,2025-10-13,59.0663,60.151,58.7705,60.151,277610,16788141,-0.974,13022500,794373,,,TSE
0050 元大台灣50,2025-10-14,60.9892,61.285,59.8059,59.8552,163441,10048295,-0.4918,13115000,796081,,,TSE
0050 元大台灣50,2025-10-15,60.151,60.9399,59.7566,60.9399,101918,6245523,1.8122,13139500,812021,,,TSE
0050 元大台灣50,2025-10-16,61.2357,62.1232,61.2357,62.1232,115801,7243965,1.9417,13167500,829553,,,TSE
0050 元大台灣50,2025-10-17,61.1864,61.4329,61.0385,61.1864,166191,10319476,-1.5079,13252500,822318,,,TSE
0050 元大台灣50,2025-10-20,61.4822,62.3204,61.285,62.2218,105854,6661383,1.6922,13281500,838063,,,TSE
0050 元大台灣50,2025-10-21,62.5176,62.7641,62.1725,62.3204,128793,8163510,0.1585,13320000,841824,,,TSE
0050 元大台灣50,2025-10-22,61.7287,61.9753,61.3836,61.8273,124303,7767140,-0.7911,13434500,842343,,,TSE
0050 元大台灣50,2025-10-23,61.2357,61.5315,60.8906,61.4822,166688,10363437,-0.5582,13545500,844562,,,TSE
0050 元大台灣50,2025-10-27,62.8627,63.0106,62.5669,62.912,104776,6669961,2.3256,13684500,873071,,,TSE
0050 元大台灣50,2025-10-28,62.6655,62.8134,62.3204,62.4683,99770,6330563,-0.7053,13709500,868497,,,TSE
0050 元大台灣50,2025-10-29,62.8134,63.553,62.8134,63.5037,67414,4326680,1.6575,13723000,883761,,,TSE
0050 元大台灣50,2025-10-30,63.7009,63.8981,63.1092,63.5037,95106,6125525,0.0,13732500,884373,,,TSE
0050 元大台灣50,2025-10-31,63.7009,63.8981,63.5037,63.8488,55956,3616991,0.5435,13791500,893000,,,TSE
0050 元大台灣50,2025-11-03,63.553,63.8981,63.0106,63.2572,140157,9004715,-0.9266,13858500,889023,,,TSE
0050 元大台灣50,2025-11-04,63.6023,63.9474,62.9613,63.0599,88131,5658007,-0.3118,13898000,888777,,,TSE
0050 元大台灣50,2025-11-05,62.0739,62.2711,61.4329,62.2711,229413,14391151,-1.251,13952000,881069,,,TSE
0050 元大台灣50,2025-11-06,62.4683,62.6162,62.2711,62.419,68680,4349732,0.2375,14111500,893258,,,TSE
0050 元大台灣50,2025-11-07,61.778,61.8766,61.5315,61.6794,111187,6952850,-1.1848,14133500,884050,,,TSE
0050 元大台灣50,2025-11-10,61.9259,62.4683,61.7287,62.4683,83130,5234605,1.279,14170500,897701,,,TSE
0050 元大台灣50,2025-11-11,62.7641,62.8134,61.9753,62.0246,79723,5046877,-0.7103,14206500,893589,,,TSE
0050 元大台灣50,2025-11-12,62.0739,62.419,61.8766,62.3204,62620,3947348,0.4769,14280500,902528,,,TSE
0050 元大台灣50,2025-11-13,61.9259,62.0739,61.7287,62.0246,80483,5053859,-0.4747,14301000,899533,,,TSE
0050 元大台灣50,2025-11-14,60.792,61.0385,60.5454,60.8413,223192,13766027,-1.9078,14387000,887678,,,TSE
0050 元大台灣50,2025-11-17,61.1371,61.3343,60.9399,61.0385,91925,5696893,0.3241,14500000,897550,,,TSE
0050 元大台灣50,2025-11-18,60.4468,60.4468,59.4607,59.6087,264956,16077471,-2.3425,14556500,879940,,,TSE
0050 元大台灣50,2025-11-19,59.3128,59.658,59.0663,59.2142,151383,9097742,-0.6617,14702500,882885,,,TSE
0050 元大台灣50,2025-11-20,60.6933,61.0878,60.4961,61.0385,84027,5187294,3.0808,14780500,914913,,,TSE
0050 元大台灣50,2025-11-21,59.2635,59.3128,58.6719,59.017,327691,19593794,-3.3118,14864500,889640,,,TSE
0050 元大台灣50,2025-11-24,59.2635,59.2635,58.6226,58.7212,162722,9712201,-0.5013,15063500,897031,,,TSE
0050 元大台灣50,2025-11-25,59.8552,59.9045,59.2635,59.51,64411,3893075,1.3434,15176500,915902,,,TSE
0050 元大台灣50,2025-11-26,60.2496,60.644,60.151,60.4961,75793,4646516,1.657,15190000,931907,,,TSE
0050 元大台灣50,2025-11-27,60.9399,61.2357,60.792,61.0385,53852,3333400,0.8965,15193000,940447,,,TSE
0050 元大台灣50,2025-11-28,61.0878,61.5315,60.9892,61.4822,68386,4252497,0.727,15230500,949622,,,TSE
0050 元大台灣50,2025-12-01,60.9399,61.0878,60.5454,60.644,103003,6350023,-1.3633,15243500,937475,,,TSE
0050 元大台灣50,2025-12-02,60.9399,61.3343,60.792,60.8413,43152,2670762,0.3252,15275500,942498,,,TSE
0050 元大台灣50,2025-12-03,61.5315,61.6301,61.2357,61.4329,46546,2900511,0.9724,15718000,979231,,,TSE
0050 元大台灣50,2025-12-04,61.5315,61.6301,61.1371,61.3343,40655,2530843,-0.1605,15718500,977691,,,TSE
0050 元大台灣50,2025-12-05,61.5808,61.8766,61.4822,61.8766,47277,2958378,0.8842,15720500,986461,,,TSE
0050 元大台灣50,2025-12-08,62.1232,62.8134,62.0739,62.8134,78686,4991038,1.5139,15723000,1001555,,,TSE
0050 元大台灣50,2025-12-09,62.912,62.9613,62.6655,62.7148,50671,3225750,-0.157,15734000,1000682,,,TSE
0050 元大台灣50,2025-12-10,62.8134,63.3065,62.7641,63.1586,66717,4264783,0.7075,15737000,1007955,,,TSE
0050 元大台灣50,2025-12-11,63.4051,63.6023,62.3204,62.4683,101197,6442627,-1.0929,15729500,996464,,,TSE
0050 元大台灣50,2025-12-12,62.6655,62.912,62.419,62.5669,60240,3825611,0.1579,15730500,998100,,,TSE
0050 元大台灣50,2025-12-15,61.6301,61.9753,61.5315,61.9259,114939,7203513,-1.0244,15560000,977168,,,TSE
0050 元大台灣50,2025-12-16,61.2357,61.3836,60.8413,61.3836,169375,10494294,-0.8758,15653000,974399,,,TSE
0050 元大台灣50,2025-12-17,61.285,61.5808,60.9892,61.0385,98504,6122747,-0.5622,15577500,964247,,,TSE
0050 元大台灣50,2025-12-18,60.9399,61.2357,60.6933,61.0385,117973,7287940,0.0,15585000,964712,,,TSE
0050 元大台灣50,2025-12-19,61.5315,61.8766,61.4822,61.6301,81027,5067295,0.9693,15591500,974469,,,TSE
0050 元大台灣50,2025-12-22,62.419,62.5669,62.1725,62.5176,93882,5942586,1.44,15544000,985490,,,TSE
0050 元大台灣50,2025-12-23,62.6162,62.912,62.6162,62.8134,101867,6483053,0.4732,15570500,991841,,,TSE
0050 元大台灣50,2025-12-24,63.0599,63.1586,62.8627,62.9613,64106,4094914,0.2355,15488000,988909,,,TSE
0050 元大台灣50,2025-12-26,63.3065,63.6023,63.2079,63.5037,70816,4556213,0.8614,15470500,996300,,,TSE
0050 元大台灣50,2025-12-29,63.7502,64.4405,63.7009,64.3419,86510,5628464,1.3199,15468000,1009287,,,TSE
0050 元大台灣50,2025-12-30,63.9967,64.3912,63.8488,64.2432,61058,3970585,-0.1533,15467000,1007675,,,TSE
0050 元大台灣50,2025-12-31,64.1939,64.9335,63.9967,64.687,71868,4709518,0.6907,15460000,1014176,,,TSE
